,Auto,Banking,Energy,FMCG,IT,Pharma
2022-09-30,0.10438477881663451,0.17600593765337563,0.04110752463811328,0.3620900969584811,0.1364361825711111,0.1799754793622844
2022-10-03,0.10438477881663451,0.17600593765337563,0.04110752463811328,0.3620900969584811,0.1364361825711111,0.1799754793622844
2022-10-04,0.10438477881663451,0.17600593765337563,0.04110752463811328,0.3620900969584811,0.1364361825711111,0.1799754793622844
2022-10-06,0.10438477881663451,0.17600593765337563,0.04110752463811328,0.3620900969584811,0.1364361825711111,0.1799754793622844
2022-10-07,0.10438477881663451,0.17600593765337563,0.04110752463811328,0.3620900969584811,0.1364361825711111,0.1799754793622844
2022-10-10,0.10438477881663451,0.17600593765337563,0.04110752463811328,0.3620900969584811,0.1364361825711111,0.1799754793622844
2022-10-11,0.10438477881663451,0.17600593765337563,0.04110752463811328,0.3620900969584811,0.1364361825711111,0.1799754793622844
2022-10-12,0.10438477881663451,0.17600593765337563,0.04110752463811328,0.3620900969584811,0.1364361825711111,0.1799754793622844
2022-10-13,0.10438477881663451,0.17600593765337563,0.04110752463811328,0.3620900969584811,0.1364361825711111,0.1799754793622844
2022-10-14,0.10438477881663451,0.17600593765337563,0.04110752463811328,0.3620900969584811,0.1364361825711111,0.1799754793622844
2022-10-17,0.10438477881663451,0.17600593765337563,0.04110752463811328,0.3620900969584811,0.1364361825711111,0.1799754793622844
2022-10-18,0.10438477881663451,0.17600593765337563,0.04110752463811328,0.3620900969584811,0.1364361825711111,0.1799754793622844
2022-10-19,0.10438477881663451,0.17600593765337563,0.04110752463811328,0.3620900969584811,0.1364361825711111,0.1799754793622844
2022-10-20,0.10438477881663451,0.17600593765337563,0.04110752463811328,0.3620900969584811,0.1364361825711111,0.1799754793622844
2022-10-21,0.10438477881663451,0.17600593765337563,0.04110752463811328,0.3620900969584811,0.1364361825711111,0.1799754793622844
2022-10-24,0.10438477881663451,0.17600593765337563,0.04110752463811328,0.3620900969584811,0.1364361825711111,0.1799754793622844
2022-10-25,0.10438477881663451,0.17600593765337563,0.04110752463811328,0.3620900969584811,0.1364361825711111,0.1799754793622844
2022-10-27,0.10438477881663451,0.17600593765337563,0.04110752463811328,0.3620900969584811,0.1364361825711111,0.1799754793622844
2022-10-28,0.10438477881663451,0.17600593765337563,0.04110752463811328,0.3620900969584811,0.1364361825711111,0.1799754793622844
2022-10-31,0.10438477881663451,0.17600593765337563,0.04110752463811328,0.3620900969584811,0.1364361825711111,0.1799754793622844
2022-11-01,0.10359694154753804,0.08174319770460148,0.2211013666567738,0.2014350392523485,0.1424581659013393,0.24966528893739887
2022-11-02,0.10359694154753804,0.08174319770460148,0.2211013666567738,0.2014350392523485,0.1424581659013393,0.24966528893739887
2022-11-03,0.10359694154753804,0.08174319770460148,0.2211013666567738,0.2014350392523485,0.1424581659013393,0.24966528893739887
2022-11-04,0.10359694154753804,0.08174319770460148,0.2211013666567738,0.2014350392523485,0.1424581659013393,0.24966528893739887
2022-11-07,0.10359694154753804,0.08174319770460148,0.2211013666567738,0.2014350392523485,0.1424581659013393,0.24966528893739887
2022-11-09,0.10359694154753804,0.08174319770460148,0.2211013666567738,0.2014350392523485,0.1424581659013393,0.24966528893739887
2022-11-10,0.10359694154753804,0.08174319770460148,0.2211013666567738,0.2014350392523485,0.1424581659013393,0.24966528893739887
2022-11-11,0.10359694154753804,0.08174319770460148,0.2211013666567738,0.2014350392523485,0.1424581659013393,0.24966528893739887
2022-11-14,0.10359694154753804,0.08174319770460148,0.2211013666567738,0.2014350392523485,0.1424581659013393,0.24966528893739887
2022-11-15,0.10359694154753804,0.08174319770460148,0.2211013666567738,0.2014350392523485,0.1424581659013393,0.24966528893739887
2022-11-16,0.10359694154753804,0.08174319770460148,0.2211013666567738,0.2014350392523485,0.1424581659013393,0.24966528893739887
2022-11-17,0.10359694154753804,0.08174319770460148,0.2211013666567738,0.2014350392523485,0.1424581659013393,0.24966528893739887
2022-11-18,0.10359694154753804,0.08174319770460148,0.2211013666567738,0.2014350392523485,0.1424581659013393,0.24966528893739887
2022-11-21,0.10359694154753804,0.08174319770460148,0.2211013666567738,0.2014350392523485,0.1424581659013393,0.24966528893739887
2022-11-22,0.10359694154753804,0.08174319770460148,0.2211013666567738,0.2014350392523485,0.1424581659013393,0.24966528893739887
2022-11-23,0.10359694154753804,0.08174319770460148,0.2211013666567738,0.2014350392523485,0.1424581659013393,0.24966528893739887
2022-11-24,0.10359694154753804,0.08174319770460148,0.2211013666567738,0.2014350392523485,0.1424581659013393,0.24966528893739887
2022-11-25,0.10359694154753804,0.08174319770460148,0.2211013666567738,0.2014350392523485,0.1424581659013393,0.24966528893739887
2022-11-28,0.10359694154753804,0.08174319770460148,0.2211013666567738,0.2014350392523485,0.1424581659013393,0.24966528893739887
2022-11-29,0.10359694154753804,0.08174319770460148,0.2211013666567738,0.2014350392523485,0.1424581659013393,0.24966528893739887
2022-11-30,0.09331826889454779,0.12590299642753075,0.07563620135296432,0.37538891055122736,0.11634276590425154,0.21341085686947825
2022-12-01,0.09331826889454779,0.12590299642753075,0.07563620135296432,0.37538891055122736,0.11634276590425154,0.21341085686947825
2022-12-02,0.09331826889454779,0.12590299642753075,0.07563620135296432,0.37538891055122736,0.11634276590425154,0.21341085686947825
2022-12-05,0.09331826889454779,0.12590299642753075,0.07563620135296432,0.37538891055122736,0.11634276590425154,0.21341085686947825
2022-12-06,0.09331826889454779,0.12590299642753075,0.07563620135296432,0.37538891055122736,0.11634276590425154,0.21341085686947825
2022-12-07,0.09331826889454779,0.12590299642753075,0.07563620135296432,0.37538891055122736,0.11634276590425154,0.21341085686947825
2022-12-08,0.09331826889454779,0.12590299642753075,0.07563620135296432,0.37538891055122736,0.11634276590425154,0.21341085686947825
2022-12-09,0.09331826889454779,0.12590299642753075,0.07563620135296432,0.37538891055122736,0.11634276590425154,0.21341085686947825
2022-12-12,0.09331826889454779,0.12590299642753075,0.07563620135296432,0.37538891055122736,0.11634276590425154,0.21341085686947825
2022-12-13,0.09331826889454779,0.12590299642753075,0.07563620135296432,0.37538891055122736,0.11634276590425154,0.21341085686947825
2022-12-14,0.09331826889454779,0.12590299642753075,0.07563620135296432,0.37538891055122736,0.11634276590425154,0.21341085686947825
2022-12-15,0.09331826889454779,0.12590299642753075,0.07563620135296432,0.37538891055122736,0.11634276590425154,0.21341085686947825
2022-12-16,0.09331826889454779,0.12590299642753075,0.07563620135296432,0.37538891055122736,0.11634276590425154,0.21341085686947825
2022-12-19,0.09331826889454779,0.12590299642753075,0.07563620135296432,0.37538891055122736,0.11634276590425154,0.21341085686947825
2022-12-20,0.09331826889454779,0.12590299642753075,0.07563620135296432,0.37538891055122736,0.11634276590425154,0.21341085686947825
2022-12-21,0.09331826889454779,0.12590299642753075,0.07563620135296432,0.37538891055122736,0.11634276590425154,0.21341085686947825
2022-12-22,0.09331826889454779,0.12590299642753075,0.07563620135296432,0.37538891055122736,0.11634276590425154,0.21341085686947825
2022-12-23,0.09331826889454779,0.12590299642753075,0.07563620135296432,0.37538891055122736,0.11634276590425154,0.21341085686947825
2022-12-26,0.09331826889454779,0.12590299642753075,0.07563620135296432,0.37538891055122736,0.11634276590425154,0.21341085686947825
2022-12-27,0.09331826889454779,0.12590299642753075,0.07563620135296432,0.37538891055122736,0.11634276590425154,0.21341085686947825
2022-12-28,0.017849325600351396,0.003792030036394867,0.02478325114498806,0.15915320291981974,0.14961398164384365,0.6448082086546023
2022-12-29,0.017849325600351396,0.003792030036394867,0.02478325114498806,0.15915320291981974,0.14961398164384365,0.6448082086546023
2022-12-30,0.017849325600351396,0.003792030036394867,0.02478325114498806,0.15915320291981974,0.14961398164384365,0.6448082086546023
2023-01-02,0.017849325600351396,0.003792030036394867,0.02478325114498806,0.15915320291981974,0.14961398164384365,0.6448082086546023
2023-01-03,0.017849325600351396,0.003792030036394867,0.02478325114498806,0.15915320291981974,0.14961398164384365,0.6448082086546023
2023-01-04,0.017849325600351396,0.003792030036394867,0.02478325114498806,0.15915320291981974,0.14961398164384365,0.6448082086546023
2023-01-05,0.017849325600351396,0.003792030036394867,0.02478325114498806,0.15915320291981974,0.14961398164384365,0.6448082086546023
2023-01-06,0.017849325600351396,0.003792030036394867,0.02478325114498806,0.15915320291981974,0.14961398164384365,0.6448082086546023
2023-01-09,0.017849325600351396,0.003792030036394867,0.02478325114498806,0.15915320291981974,0.14961398164384365,0.6448082086546023
2023-01-10,0.017849325600351396,0.003792030036394867,0.02478325114498806,0.15915320291981974,0.14961398164384365,0.6448082086546023
2023-01-11,0.017849325600351396,0.003792030036394867,0.02478325114498806,0.15915320291981974,0.14961398164384365,0.6448082086546023
2023-01-12,0.017849325600351396,0.003792030036394867,0.02478325114498806,0.15915320291981974,0.14961398164384365,0.6448082086546023
2023-01-13,0.017849325600351396,0.003792030036394867,0.02478325114498806,0.15915320291981974,0.14961398164384365,0.6448082086546023
2023-01-16,0.017849325600351396,0.003792030036394867,0.02478325114498806,0.15915320291981974,0.14961398164384365,0.6448082086546023
2023-01-17,0.017849325600351396,0.003792030036394867,0.02478325114498806,0.15915320291981974,0.14961398164384365,0.6448082086546023
2023-01-18,0.017849325600351396,0.003792030036394867,0.02478325114498806,0.15915320291981974,0.14961398164384365,0.6448082086546023
2023-01-19,0.017849325600351396,0.003792030036394867,0.02478325114498806,0.15915320291981974,0.14961398164384365,0.6448082086546023
2023-01-20,0.017849325600351396,0.003792030036394867,0.02478325114498806,0.15915320291981974,0.14961398164384365,0.6448082086546023
2023-01-23,0.017849325600351396,0.003792030036394867,0.02478325114498806,0.15915320291981974,0.14961398164384365,0.6448082086546023
2023-01-24,0.017849325600351396,0.003792030036394867,0.02478325114498806,0.15915320291981974,0.14961398164384365,0.6448082086546023
2023-01-25,0.18940163874863142,0.03497438115240939,0.13273204246830303,0.32909469608934283,0.16373707768253953,0.15006016385877377
2023-01-27,0.18940163874863142,0.03497438115240939,0.13273204246830303,0.32909469608934283,0.16373707768253953,0.15006016385877377
2023-01-30,0.18940163874863142,0.03497438115240939,0.13273204246830303,0.32909469608934283,0.16373707768253953,0.15006016385877377
2023-01-31,0.18940163874863142,0.03497438115240939,0.13273204246830303,0.32909469608934283,0.16373707768253953,0.15006016385877377
2023-02-01,0.18940163874863142,0.03497438115240939,0.13273204246830303,0.32909469608934283,0.16373707768253953,0.15006016385877377
2023-02-02,0.18940163874863142,0.03497438115240939,0.13273204246830303,0.32909469608934283,0.16373707768253953,0.15006016385877377
2023-02-03,0.18940163874863142,0.03497438115240939,0.13273204246830303,0.32909469608934283,0.16373707768253953,0.15006016385877377
2023-02-06,0.18940163874863142,0.03497438115240939,0.13273204246830303,0.32909469608934283,0.16373707768253953,0.15006016385877377
2023-02-07,0.18940163874863142,0.03497438115240939,0.13273204246830303,0.32909469608934283,0.16373707768253953,0.15006016385877377
2023-02-08,0.18940163874863142,0.03497438115240939,0.13273204246830303,0.32909469608934283,0.16373707768253953,0.15006016385877377
2023-02-09,0.18940163874863142,0.03497438115240939,0.13273204246830303,0.32909469608934283,0.16373707768253953,0.15006016385877377
2023-02-10,0.18940163874863142,0.03497438115240939,0.13273204246830303,0.32909469608934283,0.16373707768253953,0.15006016385877377
2023-02-13,0.18940163874863142,0.03497438115240939,0.13273204246830303,0.32909469608934283,0.16373707768253953,0.15006016385877377
2023-02-14,0.18940163874863142,0.03497438115240939,0.13273204246830303,0.32909469608934283,0.16373707768253953,0.15006016385877377
2023-02-15,0.18940163874863142,0.03497438115240939,0.13273204246830303,0.32909469608934283,0.16373707768253953,0.15006016385877377
2023-02-16,0.18940163874863142,0.03497438115240939,0.13273204246830303,0.32909469608934283,0.16373707768253953,0.15006016385877377
2023-02-17,0.18940163874863142,0.03497438115240939,0.13273204246830303,0.32909469608934283,0.16373707768253953,0.15006016385877377
2023-02-20,0.18940163874863142,0.03497438115240939,0.13273204246830303,0.32909469608934283,0.16373707768253953,0.15006016385877377
2023-02-21,0.18940163874863142,0.03497438115240939,0.13273204246830303,0.32909469608934283,0.16373707768253953,0.15006016385877377
2023-02-22,0.18940163874863142,0.03497438115240939,0.13273204246830303,0.32909469608934283,0.16373707768253953,0.15006016385877377
2023-02-23,0.254822194008577,0.0332304212486032,0.07746053976580669,0.27360876577319165,0.09034353883236312,0.27053454037145835
2023-02-24,0.254822194008577,0.0332304212486032,0.07746053976580669,0.27360876577319165,0.09034353883236312,0.27053454037145835
2023-02-27,0.254822194008577,0.0332304212486032,0.07746053976580669,0.27360876577319165,0.09034353883236312,0.27053454037145835
2023-02-28,0.254822194008577,0.0332304212486032,0.07746053976580669,0.27360876577319165,0.09034353883236312,0.27053454037145835
2023-03-01,0.254822194008577,0.0332304212486032,0.07746053976580669,0.27360876577319165,0.09034353883236312,0.27053454037145835
2023-03-02,0.254822194008577,0.0332304212486032,0.07746053976580669,0.27360876577319165,0.09034353883236312,0.27053454037145835
2023-03-03,0.254822194008577,0.0332304212486032,0.07746053976580669,0.27360876577319165,0.09034353883236312,0.27053454037145835
2023-03-06,0.254822194008577,0.0332304212486032,0.07746053976580669,0.27360876577319165,0.09034353883236312,0.27053454037145835
2023-03-08,0.254822194008577,0.0332304212486032,0.07746053976580669,0.27360876577319165,0.09034353883236312,0.27053454037145835
2023-03-09,0.254822194008577,0.0332304212486032,0.07746053976580669,0.27360876577319165,0.09034353883236312,0.27053454037145835
2023-03-10,0.254822194008577,0.0332304212486032,0.07746053976580669,0.27360876577319165,0.09034353883236312,0.27053454037145835
2023-03-13,0.254822194008577,0.0332304212486032,0.07746053976580669,0.27360876577319165,0.09034353883236312,0.27053454037145835
2023-03-14,0.254822194008577,0.0332304212486032,0.07746053976580669,0.27360876577319165,0.09034353883236312,0.27053454037145835
2023-03-15,0.254822194008577,0.0332304212486032,0.07746053976580669,0.27360876577319165,0.09034353883236312,0.27053454037145835
2023-03-16,0.254822194008577,0.0332304212486032,0.07746053976580669,0.27360876577319165,0.09034353883236312,0.27053454037145835
2023-03-17,0.254822194008577,0.0332304212486032,0.07746053976580669,0.27360876577319165,0.09034353883236312,0.27053454037145835
2023-03-20,0.254822194008577,0.0332304212486032,0.07746053976580669,0.27360876577319165,0.09034353883236312,0.27053454037145835
2023-03-21,0.254822194008577,0.0332304212486032,0.07746053976580669,0.27360876577319165,0.09034353883236312,0.27053454037145835
2023-03-22,0.254822194008577,0.0332304212486032,0.07746053976580669,0.27360876577319165,0.09034353883236312,0.27053454037145835
2023-03-23,0.254822194008577,0.0332304212486032,0.07746053976580669,0.27360876577319165,0.09034353883236312,0.27053454037145835
2023-03-24,0.1050570041351418,0.061860753878317194,0.09583487653287014,0.3889214871580136,0.06548802352535876,0.2828378547702985
2023-03-27,0.1050570041351418,0.061860753878317194,0.09583487653287014,0.3889214871580136,0.06548802352535876,0.2828378547702985
2023-03-28,0.1050570041351418,0.061860753878317194,0.09583487653287014,0.3889214871580136,0.06548802352535876,0.2828378547702985
2023-03-29,0.1050570041351418,0.061860753878317194,0.09583487653287014,0.3889214871580136,0.06548802352535876,0.2828378547702985
2023-03-31,0.1050570041351418,0.061860753878317194,0.09583487653287014,0.3889214871580136,0.06548802352535876,0.2828378547702985
2023-04-03,0.1050570041351418,0.061860753878317194,0.09583487653287014,0.3889214871580136,0.06548802352535876,0.2828378547702985
2023-04-05,0.1050570041351418,0.061860753878317194,0.09583487653287014,0.3889214871580136,0.06548802352535876,0.2828378547702985
2023-04-06,0.1050570041351418,0.061860753878317194,0.09583487653287014,0.3889214871580136,0.06548802352535876,0.2828378547702985
2023-04-10,0.1050570041351418,0.061860753878317194,0.09583487653287014,0.3889214871580136,0.06548802352535876,0.2828378547702985
2023-04-11,0.1050570041351418,0.061860753878317194,0.09583487653287014,0.3889214871580136,0.06548802352535876,0.2828378547702985
2023-04-12,0.1050570041351418,0.061860753878317194,0.09583487653287014,0.3889214871580136,0.06548802352535876,0.2828378547702985
2023-04-13,0.1050570041351418,0.061860753878317194,0.09583487653287014,0.3889214871580136,0.06548802352535876,0.2828378547702985
2023-04-17,0.1050570041351418,0.061860753878317194,0.09583487653287014,0.3889214871580136,0.06548802352535876,0.2828378547702985
2023-04-18,0.1050570041351418,0.061860753878317194,0.09583487653287014,0.3889214871580136,0.06548802352535876,0.2828378547702985
2023-04-19,0.1050570041351418,0.061860753878317194,0.09583487653287014,0.3889214871580136,0.06548802352535876,0.2828378547702985
2023-04-20,0.1050570041351418,0.061860753878317194,0.09583487653287014,0.3889214871580136,0.06548802352535876,0.2828378547702985
2023-04-21,0.1050570041351418,0.061860753878317194,0.09583487653287014,0.3889214871580136,0.06548802352535876,0.2828378547702985
2023-04-24,0.1050570041351418,0.061860753878317194,0.09583487653287014,0.3889214871580136,0.06548802352535876,0.2828378547702985
2023-04-25,0.1050570041351418,0.061860753878317194,0.09583487653287014,0.3889214871580136,0.06548802352535876,0.2828378547702985
2023-04-26,0.1050570041351418,0.061860753878317194,0.09583487653287014,0.3889214871580136,0.06548802352535876,0.2828378547702985
2023-04-27,0.42509236617239077,0.041265556274907925,0.054919212638678216,0.2189670371320993,0.09971161843486019,0.16004420934706362
2023-04-28,0.42509236617239077,0.041265556274907925,0.054919212638678216,0.2189670371320993,0.09971161843486019,0.16004420934706362
2023-05-02,0.42509236617239077,0.041265556274907925,0.054919212638678216,0.2189670371320993,0.09971161843486019,0.16004420934706362
2023-05-03,0.42509236617239077,0.041265556274907925,0.054919212638678216,0.2189670371320993,0.09971161843486019,0.16004420934706362
2023-05-04,0.42509236617239077,0.041265556274907925,0.054919212638678216,0.2189670371320993,0.09971161843486019,0.16004420934706362
2023-05-05,0.42509236617239077,0.041265556274907925,0.054919212638678216,0.2189670371320993,0.09971161843486019,0.16004420934706362
2023-05-08,0.42509236617239077,0.041265556274907925,0.054919212638678216,0.2189670371320993,0.09971161843486019,0.16004420934706362
2023-05-09,0.42509236617239077,0.041265556274907925,0.054919212638678216,0.2189670371320993,0.09971161843486019,0.16004420934706362
2023-05-10,0.42509236617239077,0.041265556274907925,0.054919212638678216,0.2189670371320993,0.09971161843486019,0.16004420934706362
2023-05-11,0.42509236617239077,0.041265556274907925,0.054919212638678216,0.2189670371320993,0.09971161843486019,0.16004420934706362
2023-05-12,0.42509236617239077,0.041265556274907925,0.054919212638678216,0.2189670371320993,0.09971161843486019,0.16004420934706362
2023-05-15,0.42509236617239077,0.041265556274907925,0.054919212638678216,0.2189670371320993,0.09971161843486019,0.16004420934706362
2023-05-16,0.42509236617239077,0.041265556274907925,0.054919212638678216,0.2189670371320993,0.09971161843486019,0.16004420934706362
2023-05-17,0.42509236617239077,0.041265556274907925,0.054919212638678216,0.2189670371320993,0.09971161843486019,0.16004420934706362
2023-05-18,0.42509236617239077,0.041265556274907925,0.054919212638678216,0.2189670371320993,0.09971161843486019,0.16004420934706362
2023-05-19,0.42509236617239077,0.041265556274907925,0.054919212638678216,0.2189670371320993,0.09971161843486019,0.16004420934706362
2023-05-22,0.42509236617239077,0.041265556274907925,0.054919212638678216,0.2189670371320993,0.09971161843486019,0.16004420934706362
2023-05-23,0.42509236617239077,0.041265556274907925,0.054919212638678216,0.2189670371320993,0.09971161843486019,0.16004420934706362
2023-05-24,0.42509236617239077,0.041265556274907925,0.054919212638678216,0.2189670371320993,0.09971161843486019,0.16004420934706362
2023-05-25,0.42509236617239077,0.041265556274907925,0.054919212638678216,0.2189670371320993,0.09971161843486019,0.16004420934706362
2023-05-26,0.16579710300466888,0.08551004305934529,0.14168243738711173,0.20548966413946426,0.12400782268905548,0.2775129297203544
2023-05-29,0.16579710300466888,0.08551004305934529,0.14168243738711173,0.20548966413946426,0.12400782268905548,0.2775129297203544
2023-05-30,0.16579710300466888,0.08551004305934529,0.14168243738711173,0.20548966413946426,0.12400782268905548,0.2775129297203544
2023-05-31,0.16579710300466888,0.08551004305934529,0.14168243738711173,0.20548966413946426,0.12400782268905548,0.2775129297203544
2023-06-01,0.16579710300466888,0.08551004305934529,0.14168243738711173,0.20548966413946426,0.12400782268905548,0.2775129297203544
2023-06-02,0.16579710300466888,0.08551004305934529,0.14168243738711173,0.20548966413946426,0.12400782268905548,0.2775129297203544
2023-06-05,0.16579710300466888,0.08551004305934529,0.14168243738711173,0.20548966413946426,0.12400782268905548,0.2775129297203544
2023-06-06,0.16579710300466888,0.08551004305934529,0.14168243738711173,0.20548966413946426,0.12400782268905548,0.2775129297203544
2023-06-07,0.16579710300466888,0.08551004305934529,0.14168243738711173,0.20548966413946426,0.12400782268905548,0.2775129297203544
2023-06-08,0.16579710300466888,0.08551004305934529,0.14168243738711173,0.20548966413946426,0.12400782268905548,0.2775129297203544
2023-06-09,0.16579710300466888,0.08551004305934529,0.14168243738711173,0.20548966413946426,0.12400782268905548,0.2775129297203544
2023-06-12,0.16579710300466888,0.08551004305934529,0.14168243738711173,0.20548966413946426,0.12400782268905548,0.2775129297203544
2023-06-13,0.16579710300466888,0.08551004305934529,0.14168243738711173,0.20548966413946426,0.12400782268905548,0.2775129297203544
2023-06-14,0.16579710300466888,0.08551004305934529,0.14168243738711173,0.20548966413946426,0.12400782268905548,0.2775129297203544
2023-06-15,0.16579710300466888,0.08551004305934529,0.14168243738711173,0.20548966413946426,0.12400782268905548,0.2775129297203544
2023-06-16,0.16579710300466888,0.08551004305934529,0.14168243738711173,0.20548966413946426,0.12400782268905548,0.2775129297203544
2023-06-19,0.16579710300466888,0.08551004305934529,0.14168243738711173,0.20548966413946426,0.12400782268905548,0.2775129297203544
2023-06-20,0.16579710300466888,0.08551004305934529,0.14168243738711173,0.20548966413946426,0.12400782268905548,0.2775129297203544
2023-06-21,0.16579710300466888,0.08551004305934529,0.14168243738711173,0.20548966413946426,0.12400782268905548,0.2775129297203544
2023-06-22,0.16579710300466888,0.08551004305934529,0.14168243738711173,0.20548966413946426,0.12400782268905548,0.2775129297203544
2023-06-23,0.17846838907100424,0.19457268106040396,0.117172498996684,0.23187357791408567,0.06468161127866412,0.21323124167915797
2023-06-26,0.17846838907100424,0.19457268106040396,0.117172498996684,0.23187357791408567,0.06468161127866412,0.21323124167915797
2023-06-27,0.17846838907100424,0.19457268106040396,0.117172498996684,0.23187357791408567,0.06468161127866412,0.21323124167915797
2023-06-28,0.17846838907100424,0.19457268106040396,0.117172498996684,0.23187357791408567,0.06468161127866412,0.21323124167915797
2023-06-30,0.17846838907100424,0.19457268106040396,0.117172498996684,0.23187357791408567,0.06468161127866412,0.21323124167915797
2023-07-03,0.17846838907100424,0.19457268106040396,0.117172498996684,0.23187357791408567,0.06468161127866412,0.21323124167915797
2023-07-04,0.17846838907100424,0.19457268106040396,0.117172498996684,0.23187357791408567,0.06468161127866412,0.21323124167915797
2023-07-05,0.17846838907100424,0.19457268106040396,0.117172498996684,0.23187357791408567,0.06468161127866412,0.21323124167915797
2023-07-06,0.17846838907100424,0.19457268106040396,0.117172498996684,0.23187357791408567,0.06468161127866412,0.21323124167915797
2023-07-07,0.17846838907100424,0.19457268106040396,0.117172498996684,0.23187357791408567,0.06468161127866412,0.21323124167915797
2023-07-10,0.17846838907100424,0.19457268106040396,0.117172498996684,0.23187357791408567,0.06468161127866412,0.21323124167915797
2023-07-11,0.17846838907100424,0.19457268106040396,0.117172498996684,0.23187357791408567,0.06468161127866412,0.21323124167915797
2023-07-12,0.17846838907100424,0.19457268106040396,0.117172498996684,0.23187357791408567,0.06468161127866412,0.21323124167915797
2023-07-13,0.17846838907100424,0.19457268106040396,0.117172498996684,0.23187357791408567,0.06468161127866412,0.21323124167915797
2023-07-14,0.17846838907100424,0.19457268106040396,0.117172498996684,0.23187357791408567,0.06468161127866412,0.21323124167915797
2023-07-17,0.17846838907100424,0.19457268106040396,0.117172498996684,0.23187357791408567,0.06468161127866412,0.21323124167915797
2023-07-18,0.17846838907100424,0.19457268106040396,0.117172498996684,0.23187357791408567,0.06468161127866412,0.21323124167915797
2023-07-19,0.17846838907100424,0.19457268106040396,0.117172498996684,0.23187357791408567,0.06468161127866412,0.21323124167915797
2023-07-20,0.17846838907100424,0.19457268106040396,0.117172498996684,0.23187357791408567,0.06468161127866412,0.21323124167915797
2023-07-21,0.17846838907100424,0.19457268106040396,0.117172498996684,0.23187357791408567,0.06468161127866412,0.21323124167915797
2023-07-24,0.12360481236681127,0.057325209883457094,0.12723391619396776,0.452752350344818,0.05896755763995947,0.1801161535709864
2023-07-25,0.12360481236681127,0.057325209883457094,0.12723391619396776,0.452752350344818,0.05896755763995947,0.1801161535709864
2023-07-26,0.12360481236681127,0.057325209883457094,0.12723391619396776,0.452752350344818,0.05896755763995947,0.1801161535709864
2023-07-27,0.12360481236681127,0.057325209883457094,0.12723391619396776,0.452752350344818,0.05896755763995947,0.1801161535709864
2023-07-28,0.12360481236681127,0.057325209883457094,0.12723391619396776,0.452752350344818,0.05896755763995947,0.1801161535709864
2023-07-31,0.12360481236681127,0.057325209883457094,0.12723391619396776,0.452752350344818,0.05896755763995947,0.1801161535709864
2023-08-01,0.12360481236681127,0.057325209883457094,0.12723391619396776,0.452752350344818,0.05896755763995947,0.1801161535709864
2023-08-02,0.12360481236681127,0.057325209883457094,0.12723391619396776,0.452752350344818,0.05896755763995947,0.1801161535709864
2023-08-03,0.12360481236681127,0.057325209883457094,0.12723391619396776,0.452752350344818,0.05896755763995947,0.1801161535709864
2023-08-04,0.12360481236681127,0.057325209883457094,0.12723391619396776,0.452752350344818,0.05896755763995947,0.1801161535709864
2023-08-07,0.12360481236681127,0.057325209883457094,0.12723391619396776,0.452752350344818,0.05896755763995947,0.1801161535709864
2023-08-08,0.12360481236681127,0.057325209883457094,0.12723391619396776,0.452752350344818,0.05896755763995947,0.1801161535709864
2023-08-09,0.12360481236681127,0.057325209883457094,0.12723391619396776,0.452752350344818,0.05896755763995947,0.1801161535709864
2023-08-10,0.12360481236681127,0.057325209883457094,0.12723391619396776,0.452752350344818,0.05896755763995947,0.1801161535709864
2023-08-11,0.12360481236681127,0.057325209883457094,0.12723391619396776,0.452752350344818,0.05896755763995947,0.1801161535709864
2023-08-14,0.12360481236681127,0.057325209883457094,0.12723391619396776,0.452752350344818,0.05896755763995947,0.1801161535709864
2023-08-16,0.12360481236681127,0.057325209883457094,0.12723391619396776,0.452752350344818,0.05896755763995947,0.1801161535709864
2023-08-17,0.12360481236681127,0.057325209883457094,0.12723391619396776,0.452752350344818,0.05896755763995947,0.1801161535709864
2023-08-18,0.12360481236681127,0.057325209883457094,0.12723391619396776,0.452752350344818,0.05896755763995947,0.1801161535709864
2023-08-21,0.12360481236681127,0.057325209883457094,0.12723391619396776,0.452752350344818,0.05896755763995947,0.1801161535709864
2023-08-22,0.17338857863486223,0.15791081886348535,0.10099709400421833,0.37723710696422563,0.07668765710353184,0.11377874442967664
2023-08-23,0.17338857863486223,0.15791081886348535,0.10099709400421833,0.37723710696422563,0.07668765710353184,0.11377874442967664
2023-08-24,0.17338857863486223,0.15791081886348535,0.10099709400421833,0.37723710696422563,0.07668765710353184,0.11377874442967664
2023-08-25,0.17338857863486223,0.15791081886348535,0.10099709400421833,0.37723710696422563,0.07668765710353184,0.11377874442967664
2023-08-28,0.17338857863486223,0.15791081886348535,0.10099709400421833,0.37723710696422563,0.07668765710353184,0.11377874442967664
2023-08-29,0.17338857863486223,0.15791081886348535,0.10099709400421833,0.37723710696422563,0.07668765710353184,0.11377874442967664
2023-08-30,0.17338857863486223,0.15791081886348535,0.10099709400421833,0.37723710696422563,0.07668765710353184,0.11377874442967664
2023-08-31,0.17338857863486223,0.15791081886348535,0.10099709400421833,0.37723710696422563,0.07668765710353184,0.11377874442967664
2023-09-01,0.17338857863486223,0.15791081886348535,0.10099709400421833,0.37723710696422563,0.07668765710353184,0.11377874442967664
2023-09-04,0.17338857863486223,0.15791081886348535,0.10099709400421833,0.37723710696422563,0.07668765710353184,0.11377874442967664
2023-09-05,0.17338857863486223,0.15791081886348535,0.10099709400421833,0.37723710696422563,0.07668765710353184,0.11377874442967664
2023-09-06,0.17338857863486223,0.15791081886348535,0.10099709400421833,0.37723710696422563,0.07668765710353184,0.11377874442967664
2023-09-07,0.17338857863486223,0.15791081886348535,0.10099709400421833,0.37723710696422563,0.07668765710353184,0.11377874442967664
2023-09-08,0.17338857863486223,0.15791081886348535,0.10099709400421833,0.37723710696422563,0.07668765710353184,0.11377874442967664
2023-09-11,0.17338857863486223,0.15791081886348535,0.10099709400421833,0.37723710696422563,0.07668765710353184,0.11377874442967664
2023-09-12,0.17338857863486223,0.15791081886348535,0.10099709400421833,0.37723710696422563,0.07668765710353184,0.11377874442967664
2023-09-13,0.17338857863486223,0.15791081886348535,0.10099709400421833,0.37723710696422563,0.07668765710353184,0.11377874442967664
2023-09-14,0.17338857863486223,0.15791081886348535,0.10099709400421833,0.37723710696422563,0.07668765710353184,0.11377874442967664
2023-09-15,0.17338857863486223,0.15791081886348535,0.10099709400421833,0.37723710696422563,0.07668765710353184,0.11377874442967664
2023-09-18,0.17338857863486223,0.15791081886348535,0.10099709400421833,0.37723710696422563,0.07668765710353184,0.11377874442967664
2023-09-20,0.13181378128814147,0.07151639996031309,0.15693265224586966,0.3721277123093924,0.0909840386022458,0.1766254155940376
2023-09-21,0.13181378128814147,0.07151639996031309,0.15693265224586966,0.3721277123093924,0.0909840386022458,0.1766254155940376
2023-09-22,0.13181378128814147,0.07151639996031309,0.15693265224586966,0.3721277123093924,0.0909840386022458,0.1766254155940376
2023-09-25,0.13181378128814147,0.07151639996031309,0.15693265224586966,0.3721277123093924,0.0909840386022458,0.1766254155940376
2023-09-26,0.13181378128814147,0.07151639996031309,0.15693265224586966,0.3721277123093924,0.0909840386022458,0.1766254155940376
2023-09-27,0.13181378128814147,0.07151639996031309,0.15693265224586966,0.3721277123093924,0.0909840386022458,0.1766254155940376
2023-09-28,0.13181378128814147,0.07151639996031309,0.15693265224586966,0.3721277123093924,0.0909840386022458,0.1766254155940376
2023-09-29,0.13181378128814147,0.07151639996031309,0.15693265224586966,0.3721277123093924,0.0909840386022458,0.1766254155940376
2023-10-03,0.13181378128814147,0.07151639996031309,0.15693265224586966,0.3721277123093924,0.0909840386022458,0.1766254155940376
2023-10-04,0.13181378128814147,0.07151639996031309,0.15693265224586966,0.3721277123093924,0.0909840386022458,0.1766254155940376
2023-10-05,0.13181378128814147,0.07151639996031309,0.15693265224586966,0.3721277123093924,0.0909840386022458,0.1766254155940376
2023-10-06,0.13181378128814147,0.07151639996031309,0.15693265224586966,0.3721277123093924,0.0909840386022458,0.1766254155940376
2023-10-09,0.13181378128814147,0.07151639996031309,0.15693265224586966,0.3721277123093924,0.0909840386022458,0.1766254155940376
2023-10-10,0.13181378128814147,0.07151639996031309,0.15693265224586966,0.3721277123093924,0.0909840386022458,0.1766254155940376
2023-10-11,0.13181378128814147,0.07151639996031309,0.15693265224586966,0.3721277123093924,0.0909840386022458,0.1766254155940376
2023-10-12,0.13181378128814147,0.07151639996031309,0.15693265224586966,0.3721277123093924,0.0909840386022458,0.1766254155940376
2023-10-13,0.13181378128814147,0.07151639996031309,0.15693265224586966,0.3721277123093924,0.0909840386022458,0.1766254155940376
2023-10-16,0.13181378128814147,0.07151639996031309,0.15693265224586966,0.3721277123093924,0.0909840386022458,0.1766254155940376
2023-10-17,0.13181378128814147,0.07151639996031309,0.15693265224586966,0.3721277123093924,0.0909840386022458,0.1766254155940376
2023-10-18,0.13181378128814147,0.07151639996031309,0.15693265224586966,0.3721277123093924,0.0909840386022458,0.1766254155940376
2023-10-19,0.1196804825186664,0.13801218504022233,0.05136876101436124,0.3420898796710798,0.16920782318264355,0.17964086857302666
2023-10-20,0.1196804825186664,0.13801218504022233,0.05136876101436124,0.3420898796710798,0.16920782318264355,0.17964086857302666
2023-10-23,0.1196804825186664,0.13801218504022233,0.05136876101436124,0.3420898796710798,0.16920782318264355,0.17964086857302666
2023-10-25,0.1196804825186664,0.13801218504022233,0.05136876101436124,0.3420898796710798,0.16920782318264355,0.17964086857302666
2023-10-26,0.1196804825186664,0.13801218504022233,0.05136876101436124,0.3420898796710798,0.16920782318264355,0.17964086857302666
2023-10-27,0.1196804825186664,0.13801218504022233,0.05136876101436124,0.3420898796710798,0.16920782318264355,0.17964086857302666
2023-10-30,0.1196804825186664,0.13801218504022233,0.05136876101436124,0.3420898796710798,0.16920782318264355,0.17964086857302666
2023-10-31,0.1196804825186664,0.13801218504022233,0.05136876101436124,0.3420898796710798,0.16920782318264355,0.17964086857302666
2023-11-01,0.1196804825186664,0.13801218504022233,0.05136876101436124,0.3420898796710798,0.16920782318264355,0.17964086857302666
2023-11-02,0.1196804825186664,0.13801218504022233,0.05136876101436124,0.3420898796710798,0.16920782318264355,0.17964086857302666
2023-11-03,0.1196804825186664,0.13801218504022233,0.05136876101436124,0.3420898796710798,0.16920782318264355,0.17964086857302666
2023-11-06,0.1196804825186664,0.13801218504022233,0.05136876101436124,0.3420898796710798,0.16920782318264355,0.17964086857302666
2023-11-07,0.1196804825186664,0.13801218504022233,0.05136876101436124,0.3420898796710798,0.16920782318264355,0.17964086857302666
2023-11-08,0.1196804825186664,0.13801218504022233,0.05136876101436124,0.3420898796710798,0.16920782318264355,0.17964086857302666
2023-11-09,0.1196804825186664,0.13801218504022233,0.05136876101436124,0.3420898796710798,0.16920782318264355,0.17964086857302666
2023-11-10,0.1196804825186664,0.13801218504022233,0.05136876101436124,0.3420898796710798,0.16920782318264355,0.17964086857302666
2023-11-13,0.1196804825186664,0.13801218504022233,0.05136876101436124,0.3420898796710798,0.16920782318264355,0.17964086857302666
2023-11-15,0.1196804825186664,0.13801218504022233,0.05136876101436124,0.3420898796710798,0.16920782318264355,0.17964086857302666
2023-11-16,0.1196804825186664,0.13801218504022233,0.05136876101436124,0.3420898796710798,0.16920782318264355,0.17964086857302666
2023-11-17,0.1196804825186664,0.13801218504022233,0.05136876101436124,0.3420898796710798,0.16920782318264355,0.17964086857302666
2023-11-20,0.1712612167119461,0.09884524839522435,0.12690859925004036,0.2462556282032318,0.22250434890833015,0.13422495853122718
2023-11-21,0.1712612167119461,0.09884524839522435,0.12690859925004036,0.2462556282032318,0.22250434890833015,0.13422495853122718
2023-11-22,0.1712612167119461,0.09884524839522435,0.12690859925004036,0.2462556282032318,0.22250434890833015,0.13422495853122718
2023-11-23,0.1712612167119461,0.09884524839522435,0.12690859925004036,0.2462556282032318,0.22250434890833015,0.13422495853122718
2023-11-24,0.1712612167119461,0.09884524839522435,0.12690859925004036,0.2462556282032318,0.22250434890833015,0.13422495853122718
2023-11-28,0.1712612167119461,0.09884524839522435,0.12690859925004036,0.2462556282032318,0.22250434890833015,0.13422495853122718
2023-11-29,0.1712612167119461,0.09884524839522435,0.12690859925004036,0.2462556282032318,0.22250434890833015,0.13422495853122718
2023-11-30,0.1712612167119461,0.09884524839522435,0.12690859925004036,0.2462556282032318,0.22250434890833015,0.13422495853122718
2023-12-01,0.1712612167119461,0.09884524839522435,0.12690859925004036,0.2462556282032318,0.22250434890833015,0.13422495853122718
2023-12-04,0.1712612167119461,0.09884524839522435,0.12690859925004036,0.2462556282032318,0.22250434890833015,0.13422495853122718
2023-12-05,0.1712612167119461,0.09884524839522435,0.12690859925004036,0.2462556282032318,0.22250434890833015,0.13422495853122718
2023-12-06,0.1712612167119461,0.09884524839522435,0.12690859925004036,0.2462556282032318,0.22250434890833015,0.13422495853122718
2023-12-07,0.1712612167119461,0.09884524839522435,0.12690859925004036,0.2462556282032318,0.22250434890833015,0.13422495853122718
2023-12-08,0.1712612167119461,0.09884524839522435,0.12690859925004036,0.2462556282032318,0.22250434890833015,0.13422495853122718
2023-12-11,0.1712612167119461,0.09884524839522435,0.12690859925004036,0.2462556282032318,0.22250434890833015,0.13422495853122718
2023-12-12,0.1712612167119461,0.09884524839522435,0.12690859925004036,0.2462556282032318,0.22250434890833015,0.13422495853122718
2023-12-13,0.1712612167119461,0.09884524839522435,0.12690859925004036,0.2462556282032318,0.22250434890833015,0.13422495853122718
2023-12-14,0.1712612167119461,0.09884524839522435,0.12690859925004036,0.2462556282032318,0.22250434890833015,0.13422495853122718
2023-12-15,0.1712612167119461,0.09884524839522435,0.12690859925004036,0.2462556282032318,0.22250434890833015,0.13422495853122718
2023-12-18,0.1712612167119461,0.09884524839522435,0.12690859925004036,0.2462556282032318,0.22250434890833015,0.13422495853122718
2023-12-19,0.1991223489739057,0.07061971822049237,0.09800575470820111,0.40290461624303,0.04317980288732018,0.18616775896705062
2023-12-20,0.1991223489739057,0.07061971822049237,0.09800575470820111,0.40290461624303,0.04317980288732018,0.18616775896705062
2023-12-21,0.1991223489739057,0.07061971822049237,0.09800575470820111,0.40290461624303,0.04317980288732018,0.18616775896705062
2023-12-22,0.1991223489739057,0.07061971822049237,0.09800575470820111,0.40290461624303,0.04317980288732018,0.18616775896705062
2023-12-26,0.1991223489739057,0.07061971822049237,0.09800575470820111,0.40290461624303,0.04317980288732018,0.18616775896705062
2023-12-27,0.1991223489739057,0.07061971822049237,0.09800575470820111,0.40290461624303,0.04317980288732018,0.18616775896705062
2023-12-28,0.1991223489739057,0.07061971822049237,0.09800575470820111,0.40290461624303,0.04317980288732018,0.18616775896705062
2023-12-29,0.1991223489739057,0.07061971822049237,0.09800575470820111,0.40290461624303,0.04317980288732018,0.18616775896705062
2024-01-01,0.1991223489739057,0.07061971822049237,0.09800575470820111,0.40290461624303,0.04317980288732018,0.18616775896705062
2024-01-02,0.1991223489739057,0.07061971822049237,0.09800575470820111,0.40290461624303,0.04317980288732018,0.18616775896705062
2024-01-03,0.1991223489739057,0.07061971822049237,0.09800575470820111,0.40290461624303,0.04317980288732018,0.18616775896705062
2024-01-04,0.1991223489739057,0.07061971822049237,0.09800575470820111,0.40290461624303,0.04317980288732018,0.18616775896705062
2024-01-05,0.1991223489739057,0.07061971822049237,0.09800575470820111,0.40290461624303,0.04317980288732018,0.18616775896705062
2024-01-08,0.1991223489739057,0.07061971822049237,0.09800575470820111,0.40290461624303,0.04317980288732018,0.18616775896705062
2024-01-09,0.1991223489739057,0.07061971822049237,0.09800575470820111,0.40290461624303,0.04317980288732018,0.18616775896705062
2024-01-10,0.1991223489739057,0.07061971822049237,0.09800575470820111,0.40290461624303,0.04317980288732018,0.18616775896705062
2024-01-11,0.1991223489739057,0.07061971822049237,0.09800575470820111,0.40290461624303,0.04317980288732018,0.18616775896705062
2024-01-12,0.1991223489739057,0.07061971822049237,0.09800575470820111,0.40290461624303,0.04317980288732018,0.18616775896705062
2024-01-15,0.1991223489739057,0.07061971822049237,0.09800575470820111,0.40290461624303,0.04317980288732018,0.18616775896705062
2024-01-16,0.1991223489739057,0.07061971822049237,0.09800575470820111,0.40290461624303,0.04317980288732018,0.18616775896705062
2024-01-17,0.31236985885162577,0.056748656892819174,0.07034456804731033,0.34936176695217735,0.07273769633142631,0.1384374529246411
2024-01-18,0.31236985885162577,0.056748656892819174,0.07034456804731033,0.34936176695217735,0.07273769633142631,0.1384374529246411
2024-01-19,0.31236985885162577,0.056748656892819174,0.07034456804731033,0.34936176695217735,0.07273769633142631,0.1384374529246411
2024-01-23,0.31236985885162577,0.056748656892819174,0.07034456804731033,0.34936176695217735,0.07273769633142631,0.1384374529246411
2024-01-24,0.31236985885162577,0.056748656892819174,0.07034456804731033,0.34936176695217735,0.07273769633142631,0.1384374529246411
2024-01-25,0.31236985885162577,0.056748656892819174,0.07034456804731033,0.34936176695217735,0.07273769633142631,0.1384374529246411
2024-01-29,0.31236985885162577,0.056748656892819174,0.07034456804731033,0.34936176695217735,0.07273769633142631,0.1384374529246411
2024-01-30,0.31236985885162577,0.056748656892819174,0.07034456804731033,0.34936176695217735,0.07273769633142631,0.1384374529246411
2024-01-31,0.31236985885162577,0.056748656892819174,0.07034456804731033,0.34936176695217735,0.07273769633142631,0.1384374529246411
2024-02-01,0.31236985885162577,0.056748656892819174,0.07034456804731033,0.34936176695217735,0.07273769633142631,0.1384374529246411
2024-02-02,0.31236985885162577,0.056748656892819174,0.07034456804731033,0.34936176695217735,0.07273769633142631,0.1384374529246411
2024-02-05,0.31236985885162577,0.056748656892819174,0.07034456804731033,0.34936176695217735,0.07273769633142631,0.1384374529246411
2024-02-06,0.31236985885162577,0.056748656892819174,0.07034456804731033,0.34936176695217735,0.07273769633142631,0.1384374529246411
2024-02-07,0.31236985885162577,0.056748656892819174,0.07034456804731033,0.34936176695217735,0.07273769633142631,0.1384374529246411
2024-02-08,0.31236985885162577,0.056748656892819174,0.07034456804731033,0.34936176695217735,0.07273769633142631,0.1384374529246411
2024-02-09,0.31236985885162577,0.056748656892819174,0.07034456804731033,0.34936176695217735,0.07273769633142631,0.1384374529246411
2024-02-12,0.31236985885162577,0.056748656892819174,0.07034456804731033,0.34936176695217735,0.07273769633142631,0.1384374529246411
2024-02-13,0.31236985885162577,0.056748656892819174,0.07034456804731033,0.34936176695217735,0.07273769633142631,0.1384374529246411
2024-02-14,0.31236985885162577,0.056748656892819174,0.07034456804731033,0.34936176695217735,0.07273769633142631,0.1384374529246411
2024-02-15,0.31236985885162577,0.056748656892819174,0.07034456804731033,0.34936176695217735,0.07273769633142631,0.1384374529246411
2024-02-16,0.1505054740034394,0.06081456448491976,0.054527523255541055,0.2744930152361968,0.18670390894994987,0.27295551406995305
2024-02-19,0.1505054740034394,0.06081456448491976,0.054527523255541055,0.2744930152361968,0.18670390894994987,0.27295551406995305
2024-02-20,0.1505054740034394,0.06081456448491976,0.054527523255541055,0.2744930152361968,0.18670390894994987,0.27295551406995305
2024-02-21,0.1505054740034394,0.06081456448491976,0.054527523255541055,0.2744930152361968,0.18670390894994987,0.27295551406995305
2024-02-22,0.1505054740034394,0.06081456448491976,0.054527523255541055,0.2744930152361968,0.18670390894994987,0.27295551406995305
2024-02-23,0.1505054740034394,0.06081456448491976,0.054527523255541055,0.2744930152361968,0.18670390894994987,0.27295551406995305
2024-02-26,0.1505054740034394,0.06081456448491976,0.054527523255541055,0.2744930152361968,0.18670390894994987,0.27295551406995305
2024-02-27,0.1505054740034394,0.06081456448491976,0.054527523255541055,0.2744930152361968,0.18670390894994987,0.27295551406995305
2024-02-28,0.1505054740034394,0.06081456448491976,0.054527523255541055,0.2744930152361968,0.18670390894994987,0.27295551406995305
2024-02-29,0.1505054740034394,0.06081456448491976,0.054527523255541055,0.2744930152361968,0.18670390894994987,0.27295551406995305
2024-03-01,0.1505054740034394,0.06081456448491976,0.054527523255541055,0.2744930152361968,0.18670390894994987,0.27295551406995305
2024-03-04,0.1505054740034394,0.06081456448491976,0.054527523255541055,0.2744930152361968,0.18670390894994987,0.27295551406995305
2024-03-05,0.1505054740034394,0.06081456448491976,0.054527523255541055,0.2744930152361968,0.18670390894994987,0.27295551406995305
2024-03-06,0.1505054740034394,0.06081456448491976,0.054527523255541055,0.2744930152361968,0.18670390894994987,0.27295551406995305
2024-03-07,0.1505054740034394,0.06081456448491976,0.054527523255541055,0.2744930152361968,0.18670390894994987,0.27295551406995305
2024-03-11,0.1505054740034394,0.06081456448491976,0.054527523255541055,0.2744930152361968,0.18670390894994987,0.27295551406995305
2024-03-12,0.1505054740034394,0.06081456448491976,0.054527523255541055,0.2744930152361968,0.18670390894994987,0.27295551406995305
2024-03-13,0.1505054740034394,0.06081456448491976,0.054527523255541055,0.2744930152361968,0.18670390894994987,0.27295551406995305
2024-03-14,0.1505054740034394,0.06081456448491976,0.054527523255541055,0.2744930152361968,0.18670390894994987,0.27295551406995305
2024-03-15,0.1505054740034394,0.06081456448491976,0.054527523255541055,0.2744930152361968,0.18670390894994987,0.27295551406995305
2024-03-18,0.10358699473257718,0.19829702251524178,0.03570531834997273,0.23731736784681476,0.1914900101299253,0.23360328642546824
2024-03-19,0.10358699473257718,0.19829702251524178,0.03570531834997273,0.23731736784681476,0.1914900101299253,0.23360328642546824
2024-03-20,0.10358699473257718,0.19829702251524178,0.03570531834997273,0.23731736784681476,0.1914900101299253,0.23360328642546824
2024-03-21,0.10358699473257718,0.19829702251524178,0.03570531834997273,0.23731736784681476,0.1914900101299253,0.23360328642546824
2024-03-22,0.10358699473257718,0.19829702251524178,0.03570531834997273,0.23731736784681476,0.1914900101299253,0.23360328642546824
2024-03-26,0.10358699473257718,0.19829702251524178,0.03570531834997273,0.23731736784681476,0.1914900101299253,0.23360328642546824
2024-03-27,0.10358699473257718,0.19829702251524178,0.03570531834997273,0.23731736784681476,0.1914900101299253,0.23360328642546824
2024-03-28,0.10358699473257718,0.19829702251524178,0.03570531834997273,0.23731736784681476,0.1914900101299253,0.23360328642546824
2024-04-01,0.10358699473257718,0.19829702251524178,0.03570531834997273,0.23731736784681476,0.1914900101299253,0.23360328642546824
2024-04-02,0.10358699473257718,0.19829702251524178,0.03570531834997273,0.23731736784681476,0.1914900101299253,0.23360328642546824
2024-04-03,0.10358699473257718,0.19829702251524178,0.03570531834997273,0.23731736784681476,0.1914900101299253,0.23360328642546824
2024-04-04,0.10358699473257718,0.19829702251524178,0.03570531834997273,0.23731736784681476,0.1914900101299253,0.23360328642546824
2024-04-05,0.10358699473257718,0.19829702251524178,0.03570531834997273,0.23731736784681476,0.1914900101299253,0.23360328642546824
2024-04-08,0.10358699473257718,0.19829702251524178,0.03570531834997273,0.23731736784681476,0.1914900101299253,0.23360328642546824
2024-04-09,0.10358699473257718,0.19829702251524178,0.03570531834997273,0.23731736784681476,0.1914900101299253,0.23360328642546824
2024-04-10,0.10358699473257718,0.19829702251524178,0.03570531834997273,0.23731736784681476,0.1914900101299253,0.23360328642546824
2024-04-12,0.10358699473257718,0.19829702251524178,0.03570531834997273,0.23731736784681476,0.1914900101299253,0.23360328642546824
2024-04-15,0.10358699473257718,0.19829702251524178,0.03570531834997273,0.23731736784681476,0.1914900101299253,0.23360328642546824
2024-04-16,0.10358699473257718,0.19829702251524178,0.03570531834997273,0.23731736784681476,0.1914900101299253,0.23360328642546824
2024-04-18,0.10358699473257718,0.19829702251524178,0.03570531834997273,0.23731736784681476,0.1914900101299253,0.23360328642546824
2024-04-19,0.17435244591447444,0.08302709941644514,0.10925770458952004,0.4319783543279806,0.10377156819531795,0.09761282755626176
2024-04-22,0.17435244591447444,0.08302709941644514,0.10925770458952004,0.4319783543279806,0.10377156819531795,0.09761282755626176
2024-04-23,0.17435244591447444,0.08302709941644514,0.10925770458952004,0.4319783543279806,0.10377156819531795,0.09761282755626176
2024-04-24,0.17435244591447444,0.08302709941644514,0.10925770458952004,0.4319783543279806,0.10377156819531795,0.09761282755626176
2024-04-25,0.17435244591447444,0.08302709941644514,0.10925770458952004,0.4319783543279806,0.10377156819531795,0.09761282755626176
2024-04-26,0.17435244591447444,0.08302709941644514,0.10925770458952004,0.4319783543279806,0.10377156819531795,0.09761282755626176
2024-04-29,0.17435244591447444,0.08302709941644514,0.10925770458952004,0.4319783543279806,0.10377156819531795,0.09761282755626176
2024-04-30,0.17435244591447444,0.08302709941644514,0.10925770458952004,0.4319783543279806,0.10377156819531795,0.09761282755626176
2024-05-02,0.17435244591447444,0.08302709941644514,0.10925770458952004,0.4319783543279806,0.10377156819531795,0.09761282755626176
2024-05-03,0.17435244591447444,0.08302709941644514,0.10925770458952004,0.4319783543279806,0.10377156819531795,0.09761282755626176
2024-05-06,0.17435244591447444,0.08302709941644514,0.10925770458952004,0.4319783543279806,0.10377156819531795,0.09761282755626176
2024-05-07,0.17435244591447444,0.08302709941644514,0.10925770458952004,0.4319783543279806,0.10377156819531795,0.09761282755626176
2024-05-08,0.17435244591447444,0.08302709941644514,0.10925770458952004,0.4319783543279806,0.10377156819531795,0.09761282755626176
2024-05-09,0.17435244591447444,0.08302709941644514,0.10925770458952004,0.4319783543279806,0.10377156819531795,0.09761282755626176
2024-05-10,0.17435244591447444,0.08302709941644514,0.10925770458952004,0.4319783543279806,0.10377156819531795,0.09761282755626176
2024-05-13,0.17435244591447444,0.08302709941644514,0.10925770458952004,0.4319783543279806,0.10377156819531795,0.09761282755626176
2024-05-14,0.17435244591447444,0.08302709941644514,0.10925770458952004,0.4319783543279806,0.10377156819531795,0.09761282755626176
2024-05-15,0.17435244591447444,0.08302709941644514,0.10925770458952004,0.4319783543279806,0.10377156819531795,0.09761282755626176
2024-05-16,0.17435244591447444,0.08302709941644514,0.10925770458952004,0.4319783543279806,0.10377156819531795,0.09761282755626176
2024-05-17,0.17435244591447444,0.08302709941644514,0.10925770458952004,0.4319783543279806,0.10377156819531795,0.09761282755626176
2024-05-21,0.26684372287953295,0.06919656172660857,0.09348755309900522,0.28407036931211344,0.14199683915006084,0.14440495383267893
2024-05-22,0.26684372287953295,0.06919656172660857,0.09348755309900522,0.28407036931211344,0.14199683915006084,0.14440495383267893
2024-05-23,0.26684372287953295,0.06919656172660857,0.09348755309900522,0.28407036931211344,0.14199683915006084,0.14440495383267893
2024-05-24,0.26684372287953295,0.06919656172660857,0.09348755309900522,0.28407036931211344,0.14199683915006084,0.14440495383267893
2024-05-27,0.26684372287953295,0.06919656172660857,0.09348755309900522,0.28407036931211344,0.14199683915006084,0.14440495383267893
2024-05-28,0.26684372287953295,0.06919656172660857,0.09348755309900522,0.28407036931211344,0.14199683915006084,0.14440495383267893
2024-05-29,0.26684372287953295,0.06919656172660857,0.09348755309900522,0.28407036931211344,0.14199683915006084,0.14440495383267893
2024-05-30,0.26684372287953295,0.06919656172660857,0.09348755309900522,0.28407036931211344,0.14199683915006084,0.14440495383267893
2024-05-31,0.26684372287953295,0.06919656172660857,0.09348755309900522,0.28407036931211344,0.14199683915006084,0.14440495383267893
2024-06-03,0.26684372287953295,0.06919656172660857,0.09348755309900522,0.28407036931211344,0.14199683915006084,0.14440495383267893
2024-06-04,0.26684372287953295,0.06919656172660857,0.09348755309900522,0.28407036931211344,0.14199683915006084,0.14440495383267893
2024-06-05,0.26684372287953295,0.06919656172660857,0.09348755309900522,0.28407036931211344,0.14199683915006084,0.14440495383267893
2024-06-06,0.26684372287953295,0.06919656172660857,0.09348755309900522,0.28407036931211344,0.14199683915006084,0.14440495383267893
2024-06-07,0.26684372287953295,0.06919656172660857,0.09348755309900522,0.28407036931211344,0.14199683915006084,0.14440495383267893
2024-06-10,0.26684372287953295,0.06919656172660857,0.09348755309900522,0.28407036931211344,0.14199683915006084,0.14440495383267893
2024-06-11,0.26684372287953295,0.06919656172660857,0.09348755309900522,0.28407036931211344,0.14199683915006084,0.14440495383267893
2024-06-12,0.26684372287953295,0.06919656172660857,0.09348755309900522,0.28407036931211344,0.14199683915006084,0.14440495383267893
2024-06-13,0.26684372287953295,0.06919656172660857,0.09348755309900522,0.28407036931211344,0.14199683915006084,0.14440495383267893
2024-06-14,0.26684372287953295,0.06919656172660857,0.09348755309900522,0.28407036931211344,0.14199683915006084,0.14440495383267893
2024-06-18,0.26684372287953295,0.06919656172660857,0.09348755309900522,0.28407036931211344,0.14199683915006084,0.14440495383267893
2024-06-19,0.171989407840195,0.10151141835080436,0.103790825034751,0.3057892553772817,0.1453208434135103,0.17159824998345763
2024-06-20,0.171989407840195,0.10151141835080436,0.103790825034751,0.3057892553772817,0.1453208434135103,0.17159824998345763
2024-06-21,0.171989407840195,0.10151141835080436,0.103790825034751,0.3057892553772817,0.1453208434135103,0.17159824998345763
2024-06-24,0.171989407840195,0.10151141835080436,0.103790825034751,0.3057892553772817,0.1453208434135103,0.17159824998345763
2024-06-25,0.171989407840195,0.10151141835080436,0.103790825034751,0.3057892553772817,0.1453208434135103,0.17159824998345763
2024-06-26,0.171989407840195,0.10151141835080436,0.103790825034751,0.3057892553772817,0.1453208434135103,0.17159824998345763
2024-06-27,0.171989407840195,0.10151141835080436,0.103790825034751,0.3057892553772817,0.1453208434135103,0.17159824998345763
2024-06-28,0.171989407840195,0.10151141835080436,0.103790825034751,0.3057892553772817,0.1453208434135103,0.17159824998345763
2024-07-01,0.171989407840195,0.10151141835080436,0.103790825034751,0.3057892553772817,0.1453208434135103,0.17159824998345763
2024-07-02,0.171989407840195,0.10151141835080436,0.103790825034751,0.3057892553772817,0.1453208434135103,0.17159824998345763
2024-07-03,0.171989407840195,0.10151141835080436,0.103790825034751,0.3057892553772817,0.1453208434135103,0.17159824998345763
2024-07-04,0.171989407840195,0.10151141835080436,0.103790825034751,0.3057892553772817,0.1453208434135103,0.17159824998345763
2024-07-05,0.171989407840195,0.10151141835080436,0.103790825034751,0.3057892553772817,0.1453208434135103,0.17159824998345763
2024-07-08,0.171989407840195,0.10151141835080436,0.103790825034751,0.3057892553772817,0.1453208434135103,0.17159824998345763
2024-07-09,0.171989407840195,0.10151141835080436,0.103790825034751,0.3057892553772817,0.1453208434135103,0.17159824998345763
2024-07-10,0.171989407840195,0.10151141835080436,0.103790825034751,0.3057892553772817,0.1453208434135103,0.17159824998345763
2024-07-11,0.171989407840195,0.10151141835080436,0.103790825034751,0.3057892553772817,0.1453208434135103,0.17159824998345763
2024-07-12,0.171989407840195,0.10151141835080436,0.103790825034751,0.3057892553772817,0.1453208434135103,0.17159824998345763
2024-07-15,0.171989407840195,0.10151141835080436,0.103790825034751,0.3057892553772817,0.1453208434135103,0.17159824998345763
2024-07-16,0.171989407840195,0.10151141835080436,0.103790825034751,0.3057892553772817,0.1453208434135103,0.17159824998345763
2024-07-18,0.3118988175236488,0.020841089953347425,0.04048140096414728,0.17556558470664957,0.2115839832938684,0.23962912355833854
2024-07-19,0.3118988175236488,0.020841089953347425,0.04048140096414728,0.17556558470664957,0.2115839832938684,0.23962912355833854
2024-07-22,0.3118988175236488,0.020841089953347425,0.04048140096414728,0.17556558470664957,0.2115839832938684,0.23962912355833854
2024-07-23,0.3118988175236488,0.020841089953347425,0.04048140096414728,0.17556558470664957,0.2115839832938684,0.23962912355833854
2024-07-24,0.3118988175236488,0.020841089953347425,0.04048140096414728,0.17556558470664957,0.2115839832938684,0.23962912355833854
2024-07-25,0.3118988175236488,0.020841089953347425,0.04048140096414728,0.17556558470664957,0.2115839832938684,0.23962912355833854
2024-07-26,0.3118988175236488,0.020841089953347425,0.04048140096414728,0.17556558470664957,0.2115839832938684,0.23962912355833854
2024-07-29,0.3118988175236488,0.020841089953347425,0.04048140096414728,0.17556558470664957,0.2115839832938684,0.23962912355833854
2024-07-30,0.3118988175236488,0.020841089953347425,0.04048140096414728,0.17556558470664957,0.2115839832938684,0.23962912355833854
2024-07-31,0.3118988175236488,0.020841089953347425,0.04048140096414728,0.17556558470664957,0.2115839832938684,0.23962912355833854
2024-08-01,0.3118988175236488,0.020841089953347425,0.04048140096414728,0.17556558470664957,0.2115839832938684,0.23962912355833854
2024-08-02,0.3118988175236488,0.020841089953347425,0.04048140096414728,0.17556558470664957,0.2115839832938684,0.23962912355833854
2024-08-05,0.3118988175236488,0.020841089953347425,0.04048140096414728,0.17556558470664957,0.2115839832938684,0.23962912355833854
2024-08-06,0.3118988175236488,0.020841089953347425,0.04048140096414728,0.17556558470664957,0.2115839832938684,0.23962912355833854
2024-08-07,0.3118988175236488,0.020841089953347425,0.04048140096414728,0.17556558470664957,0.2115839832938684,0.23962912355833854
2024-08-08,0.3118988175236488,0.020841089953347425,0.04048140096414728,0.17556558470664957,0.2115839832938684,0.23962912355833854
2024-08-09,0.3118988175236488,0.020841089953347425,0.04048140096414728,0.17556558470664957,0.2115839832938684,0.23962912355833854
2024-08-12,0.3118988175236488,0.020841089953347425,0.04048140096414728,0.17556558470664957,0.2115839832938684,0.23962912355833854
2024-08-13,0.3118988175236488,0.020841089953347425,0.04048140096414728,0.17556558470664957,0.2115839832938684,0.23962912355833854
2024-08-14,0.3118988175236488,0.020841089953347425,0.04048140096414728,0.17556558470664957,0.2115839832938684,0.23962912355833854
2024-08-16,0.22499031164136762,0.15637680688912817,0.10775448567181246,0.18738444630015455,0.19700449979618986,0.1264894497013474
2024-08-19,0.22499031164136762,0.15637680688912817,0.10775448567181246,0.18738444630015455,0.19700449979618986,0.1264894497013474
2024-08-20,0.22499031164136762,0.15637680688912817,0.10775448567181246,0.18738444630015455,0.19700449979618986,0.1264894497013474
2024-08-21,0.22499031164136762,0.15637680688912817,0.10775448567181246,0.18738444630015455,0.19700449979618986,0.1264894497013474
2024-08-22,0.22499031164136762,0.15637680688912817,0.10775448567181246,0.18738444630015455,0.19700449979618986,0.1264894497013474
2024-08-23,0.22499031164136762,0.15637680688912817,0.10775448567181246,0.18738444630015455,0.19700449979618986,0.1264894497013474
2024-08-26,0.22499031164136762,0.15637680688912817,0.10775448567181246,0.18738444630015455,0.19700449979618986,0.1264894497013474
2024-08-27,0.22499031164136762,0.15637680688912817,0.10775448567181246,0.18738444630015455,0.19700449979618986,0.1264894497013474
2024-08-28,0.22499031164136762,0.15637680688912817,0.10775448567181246,0.18738444630015455,0.19700449979618986,0.1264894497013474
2024-08-29,0.22499031164136762,0.15637680688912817,0.10775448567181246,0.18738444630015455,0.19700449979618986,0.1264894497013474
2024-08-30,0.22499031164136762,0.15637680688912817,0.10775448567181246,0.18738444630015455,0.19700449979618986,0.1264894497013474
2024-09-02,0.22499031164136762,0.15637680688912817,0.10775448567181246,0.18738444630015455,0.19700449979618986,0.1264894497013474
2024-09-03,0.22499031164136762,0.15637680688912817,0.10775448567181246,0.18738444630015455,0.19700449979618986,0.1264894497013474
2024-09-04,0.22499031164136762,0.15637680688912817,0.10775448567181246,0.18738444630015455,0.19700449979618986,0.1264894497013474
2024-09-05,0.22499031164136762,0.15637680688912817,0.10775448567181246,0.18738444630015455,0.19700449979618986,0.1264894497013474
2024-09-06,0.22499031164136762,0.15637680688912817,0.10775448567181246,0.18738444630015455,0.19700449979618986,0.1264894497013474
2024-09-09,0.22499031164136762,0.15637680688912817,0.10775448567181246,0.18738444630015455,0.19700449979618986,0.1264894497013474
2024-09-10,0.22499031164136762,0.15637680688912817,0.10775448567181246,0.18738444630015455,0.19700449979618986,0.1264894497013474
2024-09-11,0.22499031164136762,0.15637680688912817,0.10775448567181246,0.18738444630015455,0.19700449979618986,0.1264894497013474
2024-09-12,0.22499031164136762,0.15637680688912817,0.10775448567181246,0.18738444630015455,0.19700449979618986,0.1264894497013474
2024-09-13,0.27116015497659907,0.04841446287271222,0.03190883853303606,0.23775157586958084,0.1441888551789573,0.2665761125691145
2024-09-16,0.27116015497659907,0.04841446287271222,0.03190883853303606,0.23775157586958084,0.1441888551789573,0.2665761125691145
2024-09-17,0.27116015497659907,0.04841446287271222,0.03190883853303606,0.23775157586958084,0.1441888551789573,0.2665761125691145
2024-09-18,0.27116015497659907,0.04841446287271222,0.03190883853303606,0.23775157586958084,0.1441888551789573,0.2665761125691145
2024-09-19,0.27116015497659907,0.04841446287271222,0.03190883853303606,0.23775157586958084,0.1441888551789573,0.2665761125691145
2024-09-20,0.27116015497659907,0.04841446287271222,0.03190883853303606,0.23775157586958084,0.1441888551789573,0.2665761125691145
2024-09-23,0.27116015497659907,0.04841446287271222,0.03190883853303606,0.23775157586958084,0.1441888551789573,0.2665761125691145
2024-09-24,0.27116015497659907,0.04841446287271222,0.03190883853303606,0.23775157586958084,0.1441888551789573,0.2665761125691145
2024-09-25,0.27116015497659907,0.04841446287271222,0.03190883853303606,0.23775157586958084,0.1441888551789573,0.2665761125691145
2024-09-26,0.27116015497659907,0.04841446287271222,0.03190883853303606,0.23775157586958084,0.1441888551789573,0.2665761125691145
2024-09-27,0.27116015497659907,0.04841446287271222,0.03190883853303606,0.23775157586958084,0.1441888551789573,0.2665761125691145
2024-09-30,0.27116015497659907,0.04841446287271222,0.03190883853303606,0.23775157586958084,0.1441888551789573,0.2665761125691145
2024-10-01,0.27116015497659907,0.04841446287271222,0.03190883853303606,0.23775157586958084,0.1441888551789573,0.2665761125691145
2024-10-03,0.27116015497659907,0.04841446287271222,0.03190883853303606,0.23775157586958084,0.1441888551789573,0.2665761125691145
2024-10-04,0.27116015497659907,0.04841446287271222,0.03190883853303606,0.23775157586958084,0.1441888551789573,0.2665761125691145
2024-10-07,0.27116015497659907,0.04841446287271222,0.03190883853303606,0.23775157586958084,0.1441888551789573,0.2665761125691145
2024-10-08,0.27116015497659907,0.04841446287271222,0.03190883853303606,0.23775157586958084,0.1441888551789573,0.2665761125691145
2024-10-09,0.27116015497659907,0.04841446287271222,0.03190883853303606,0.23775157586958084,0.1441888551789573,0.2665761125691145
2024-10-10,0.27116015497659907,0.04841446287271222,0.03190883853303606,0.23775157586958084,0.1441888551789573,0.2665761125691145
2024-10-11,0.27116015497659907,0.04841446287271222,0.03190883853303606,0.23775157586958084,0.1441888551789573,0.2665761125691145
2024-10-14,0.18756272055195133,0.16060386895834053,0.16813447951965244,0.17071860522066012,0.20512262820124857,0.10785769754814697
2024-10-15,0.18756272055195133,0.16060386895834053,0.16813447951965244,0.17071860522066012,0.20512262820124857,0.10785769754814697
2024-10-16,0.18756272055195133,0.16060386895834053,0.16813447951965244,0.17071860522066012,0.20512262820124857,0.10785769754814697
2024-10-17,0.18756272055195133,0.16060386895834053,0.16813447951965244,0.17071860522066012,0.20512262820124857,0.10785769754814697
2024-10-18,0.18756272055195133,0.16060386895834053,0.16813447951965244,0.17071860522066012,0.20512262820124857,0.10785769754814697
2024-10-21,0.18756272055195133,0.16060386895834053,0.16813447951965244,0.17071860522066012,0.20512262820124857,0.10785769754814697
2024-10-22,0.18756272055195133,0.16060386895834053,0.16813447951965244,0.17071860522066012,0.20512262820124857,0.10785769754814697
2024-10-23,0.18756272055195133,0.16060386895834053,0.16813447951965244,0.17071860522066012,0.20512262820124857,0.10785769754814697
2024-10-24,0.18756272055195133,0.16060386895834053,0.16813447951965244,0.17071860522066012,0.20512262820124857,0.10785769754814697
2024-10-25,0.18756272055195133,0.16060386895834053,0.16813447951965244,0.17071860522066012,0.20512262820124857,0.10785769754814697
2024-10-28,0.18756272055195133,0.16060386895834053,0.16813447951965244,0.17071860522066012,0.20512262820124857,0.10785769754814697
2024-10-29,0.18756272055195133,0.16060386895834053,0.16813447951965244,0.17071860522066012,0.20512262820124857,0.10785769754814697
2024-10-30,0.18756272055195133,0.16060386895834053,0.16813447951965244,0.17071860522066012,0.20512262820124857,0.10785769754814697
2024-10-31,0.18756272055195133,0.16060386895834053,0.16813447951965244,0.17071860522066012,0.20512262820124857,0.10785769754814697
2024-11-01,0.18756272055195133,0.16060386895834053,0.16813447951965244,0.17071860522066012,0.20512262820124857,0.10785769754814697
2024-11-04,0.18756272055195133,0.16060386895834053,0.16813447951965244,0.17071860522066012,0.20512262820124857,0.10785769754814697
2024-11-05,0.18756272055195133,0.16060386895834053,0.16813447951965244,0.17071860522066012,0.20512262820124857,0.10785769754814697
2024-11-06,0.18756272055195133,0.16060386895834053,0.16813447951965244,0.17071860522066012,0.20512262820124857,0.10785769754814697
2024-11-07,0.18756272055195133,0.16060386895834053,0.16813447951965244,0.17071860522066012,0.20512262820124857,0.10785769754814697
2024-11-08,0.18756272055195133,0.16060386895834053,0.16813447951965244,0.17071860522066012,0.20512262820124857,0.10785769754814697
2024-11-11,0.11397746832918479,0.25559234729981034,0.11693767533796355,0.1636137310337889,0.21359758127634676,0.13628119672290565
2024-11-12,0.11397746832918479,0.25559234729981034,0.11693767533796355,0.1636137310337889,0.21359758127634676,0.13628119672290565
2024-11-13,0.11397746832918479,0.25559234729981034,0.11693767533796355,0.1636137310337889,0.21359758127634676,0.13628119672290565
2024-11-14,0.11397746832918479,0.25559234729981034,0.11693767533796355,0.1636137310337889,0.21359758127634676,0.13628119672290565
2024-11-18,0.11397746832918479,0.25559234729981034,0.11693767533796355,0.1636137310337889,0.21359758127634676,0.13628119672290565
2024-11-19,0.11397746832918479,0.25559234729981034,0.11693767533796355,0.1636137310337889,0.21359758127634676,0.13628119672290565
2024-11-21,0.11397746832918479,0.25559234729981034,0.11693767533796355,0.1636137310337889,0.21359758127634676,0.13628119672290565
2024-11-22,0.11397746832918479,0.25559234729981034,0.11693767533796355,0.1636137310337889,0.21359758127634676,0.13628119672290565
2024-11-25,0.11397746832918479,0.25559234729981034,0.11693767533796355,0.1636137310337889,0.21359758127634676,0.13628119672290565
2024-11-26,0.11397746832918479,0.25559234729981034,0.11693767533796355,0.1636137310337889,0.21359758127634676,0.13628119672290565
2024-11-27,0.11397746832918479,0.25559234729981034,0.11693767533796355,0.1636137310337889,0.21359758127634676,0.13628119672290565
2024-11-28,0.11397746832918479,0.25559234729981034,0.11693767533796355,0.1636137310337889,0.21359758127634676,0.13628119672290565
2024-11-29,0.11397746832918479,0.25559234729981034,0.11693767533796355,0.1636137310337889,0.21359758127634676,0.13628119672290565
2024-12-02,0.11397746832918479,0.25559234729981034,0.11693767533796355,0.1636137310337889,0.21359758127634676,0.13628119672290565
2024-12-03,0.11397746832918479,0.25559234729981034,0.11693767533796355,0.1636137310337889,0.21359758127634676,0.13628119672290565
2024-12-04,0.11397746832918479,0.25559234729981034,0.11693767533796355,0.1636137310337889,0.21359758127634676,0.13628119672290565
2024-12-05,0.11397746832918479,0.25559234729981034,0.11693767533796355,0.1636137310337889,0.21359758127634676,0.13628119672290565
2024-12-06,0.11397746832918479,0.25559234729981034,0.11693767533796355,0.1636137310337889,0.21359758127634676,0.13628119672290565
2024-12-09,0.11397746832918479,0.25559234729981034,0.11693767533796355,0.1636137310337889,0.21359758127634676,0.13628119672290565
2024-12-10,0.11397746832918479,0.25559234729981034,0.11693767533796355,0.1636137310337889,0.21359758127634676,0.13628119672290565
2024-12-11,0.16990406040833878,0.07234830344544567,0.06472181383773278,0.28518187127921624,0.2176398751171828,0.19020407591208377
2024-12-12,0.16990406040833878,0.07234830344544567,0.06472181383773278,0.28518187127921624,0.2176398751171828,0.19020407591208377
2024-12-13,0.16990406040833878,0.07234830344544567,0.06472181383773278,0.28518187127921624,0.2176398751171828,0.19020407591208377
2024-12-16,0.16990406040833878,0.07234830344544567,0.06472181383773278,0.28518187127921624,0.2176398751171828,0.19020407591208377
2024-12-17,0.16990406040833878,0.07234830344544567,0.06472181383773278,0.28518187127921624,0.2176398751171828,0.19020407591208377
2024-12-18,0.16990406040833878,0.07234830344544567,0.06472181383773278,0.28518187127921624,0.2176398751171828,0.19020407591208377
2024-12-19,0.16990406040833878,0.07234830344544567,0.06472181383773278,0.28518187127921624,0.2176398751171828,0.19020407591208377
2024-12-20,0.16990406040833878,0.07234830344544567,0.06472181383773278,0.28518187127921624,0.2176398751171828,0.19020407591208377
2024-12-23,0.16990406040833878,0.07234830344544567,0.06472181383773278,0.28518187127921624,0.2176398751171828,0.19020407591208377
2024-12-24,0.16990406040833878,0.07234830344544567,0.06472181383773278,0.28518187127921624,0.2176398751171828,0.19020407591208377
2024-12-26,0.16990406040833878,0.07234830344544567,0.06472181383773278,0.28518187127921624,0.2176398751171828,0.19020407591208377
2024-12-27,0.16990406040833878,0.07234830344544567,0.06472181383773278,0.28518187127921624,0.2176398751171828,0.19020407591208377
2024-12-30,0.16990406040833878,0.07234830344544567,0.06472181383773278,0.28518187127921624,0.2176398751171828,0.19020407591208377
2024-12-31,0.16990406040833878,0.07234830344544567,0.06472181383773278,0.28518187127921624,0.2176398751171828,0.19020407591208377
2025-01-01,0.16990406040833878,0.07234830344544567,0.06472181383773278,0.28518187127921624,0.2176398751171828,0.19020407591208377
2025-01-02,0.16990406040833878,0.07234830344544567,0.06472181383773278,0.28518187127921624,0.2176398751171828,0.19020407591208377
2025-01-03,0.16990406040833878,0.07234830344544567,0.06472181383773278,0.28518187127921624,0.2176398751171828,0.19020407591208377
2025-01-06,0.16990406040833878,0.07234830344544567,0.06472181383773278,0.28518187127921624,0.2176398751171828,0.19020407591208377
2025-01-07,0.16990406040833878,0.07234830344544567,0.06472181383773278,0.28518187127921624,0.2176398751171828,0.19020407591208377
2025-01-08,0.16990406040833878,0.07234830344544567,0.06472181383773278,0.28518187127921624,0.2176398751171828,0.19020407591208377
2025-01-09,0.173194808125696,0.1493503636336965,0.1267512938527668,0.2896346008797727,0.15209448740493536,0.10897444610313259
2025-01-10,0.173194808125696,0.1493503636336965,0.1267512938527668,0.2896346008797727,0.15209448740493536,0.10897444610313259
2025-01-13,0.173194808125696,0.1493503636336965,0.1267512938527668,0.2896346008797727,0.15209448740493536,0.10897444610313259
2025-01-14,0.173194808125696,0.1493503636336965,0.1267512938527668,0.2896346008797727,0.15209448740493536,0.10897444610313259
2025-01-15,0.173194808125696,0.1493503636336965,0.1267512938527668,0.2896346008797727,0.15209448740493536,0.10897444610313259
2025-01-16,0.173194808125696,0.1493503636336965,0.1267512938527668,0.2896346008797727,0.15209448740493536,0.10897444610313259
2025-01-17,0.173194808125696,0.1493503636336965,0.1267512938527668,0.2896346008797727,0.15209448740493536,0.10897444610313259
2025-01-20,0.173194808125696,0.1493503636336965,0.1267512938527668,0.2896346008797727,0.15209448740493536,0.10897444610313259
2025-01-21,0.173194808125696,0.1493503636336965,0.1267512938527668,0.2896346008797727,0.15209448740493536,0.10897444610313259
2025-01-22,0.173194808125696,0.1493503636336965,0.1267512938527668,0.2896346008797727,0.15209448740493536,0.10897444610313259
2025-01-23,0.173194808125696,0.1493503636336965,0.1267512938527668,0.2896346008797727,0.15209448740493536,0.10897444610313259
2025-01-24,0.173194808125696,0.1493503636336965,0.1267512938527668,0.2896346008797727,0.15209448740493536,0.10897444610313259
2025-01-27,0.173194808125696,0.1493503636336965,0.1267512938527668,0.2896346008797727,0.15209448740493536,0.10897444610313259
2025-01-28,0.173194808125696,0.1493503636336965,0.1267512938527668,0.2896346008797727,0.15209448740493536,0.10897444610313259
2025-01-29,0.173194808125696,0.1493503636336965,0.1267512938527668,0.2896346008797727,0.15209448740493536,0.10897444610313259
2025-01-30,0.173194808125696,0.1493503636336965,0.1267512938527668,0.2896346008797727,0.15209448740493536,0.10897444610313259
2025-01-31,0.173194808125696,0.1493503636336965,0.1267512938527668,0.2896346008797727,0.15209448740493536,0.10897444610313259
2025-02-01,0.173194808125696,0.1493503636336965,0.1267512938527668,0.2896346008797727,0.15209448740493536,0.10897444610313259
2025-02-03,0.173194808125696,0.1493503636336965,0.1267512938527668,0.2896346008797727,0.15209448740493536,0.10897444610313259
2025-02-04,0.173194808125696,0.1493503636336965,0.1267512938527668,0.2896346008797727,0.15209448740493536,0.10897444610313259
2025-02-05,0.11000674844819448,0.17949964376598626,0.05097241862700316,0.3283121479778221,0.1637960225227794,0.1674130186582146
2025-02-06,0.11000674844819448,0.17949964376598626,0.05097241862700316,0.3283121479778221,0.1637960225227794,0.1674130186582146
2025-02-07,0.11000674844819448,0.17949964376598626,0.05097241862700316,0.3283121479778221,0.1637960225227794,0.1674130186582146
2025-02-10,0.11000674844819448,0.17949964376598626,0.05097241862700316,0.3283121479778221,0.1637960225227794,0.1674130186582146
2025-02-11,0.11000674844819448,0.17949964376598626,0.05097241862700316,0.3283121479778221,0.1637960225227794,0.1674130186582146
2025-02-12,0.11000674844819448,0.17949964376598626,0.05097241862700316,0.3283121479778221,0.1637960225227794,0.1674130186582146
2025-02-13,0.11000674844819448,0.17949964376598626,0.05097241862700316,0.3283121479778221,0.1637960225227794,0.1674130186582146
2025-02-14,0.11000674844819448,0.17949964376598626,0.05097241862700316,0.3283121479778221,0.1637960225227794,0.1674130186582146
2025-02-17,0.11000674844819448,0.17949964376598626,0.05097241862700316,0.3283121479778221,0.1637960225227794,0.1674130186582146
2025-02-18,0.11000674844819448,0.17949964376598626,0.05097241862700316,0.3283121479778221,0.1637960225227794,0.1674130186582146
2025-02-19,0.11000674844819448,0.17949964376598626,0.05097241862700316,0.3283121479778221,0.1637960225227794,0.1674130186582146
2025-02-20,0.11000674844819448,0.17949964376598626,0.05097241862700316,0.3283121479778221,0.1637960225227794,0.1674130186582146
2025-02-21,0.11000674844819448,0.17949964376598626,0.05097241862700316,0.3283121479778221,0.1637960225227794,0.1674130186582146
2025-02-24,0.11000674844819448,0.17949964376598626,0.05097241862700316,0.3283121479778221,0.1637960225227794,0.1674130186582146
2025-02-25,0.11000674844819448,0.17949964376598626,0.05097241862700316,0.3283121479778221,0.1637960225227794,0.1674130186582146
2025-02-27,0.11000674844819448,0.17949964376598626,0.05097241862700316,0.3283121479778221,0.1637960225227794,0.1674130186582146
2025-02-28,0.11000674844819448,0.17949964376598626,0.05097241862700316,0.3283121479778221,0.1637960225227794,0.1674130186582146
2025-03-03,0.11000674844819448,0.17949964376598626,0.05097241862700316,0.3283121479778221,0.1637960225227794,0.1674130186582146
2025-03-04,0.11000674844819448,0.17949964376598626,0.05097241862700316,0.3283121479778221,0.1637960225227794,0.1674130186582146
2025-03-05,0.11000674844819448,0.17949964376598626,0.05097241862700316,0.3283121479778221,0.1637960225227794,0.1674130186582146
2025-03-06,0.24661952965328457,0.14863998663909742,0.08342480272341578,0.20601132631711558,0.21716476518138894,0.09813958948569769
2025-03-07,0.24661952965328457,0.14863998663909742,0.08342480272341578,0.20601132631711558,0.21716476518138894,0.09813958948569769
2025-03-10,0.24661952965328457,0.14863998663909742,0.08342480272341578,0.20601132631711558,0.21716476518138894,0.09813958948569769
2025-03-11,0.24661952965328457,0.14863998663909742,0.08342480272341578,0.20601132631711558,0.21716476518138894,0.09813958948569769
2025-03-12,0.24661952965328457,0.14863998663909742,0.08342480272341578,0.20601132631711558,0.21716476518138894,0.09813958948569769
2025-03-13,0.24661952965328457,0.14863998663909742,0.08342480272341578,0.20601132631711558,0.21716476518138894,0.09813958948569769
2025-03-17,0.24661952965328457,0.14863998663909742,0.08342480272341578,0.20601132631711558,0.21716476518138894,0.09813958948569769
2025-03-18,0.24661952965328457,0.14863998663909742,0.08342480272341578,0.20601132631711558,0.21716476518138894,0.09813958948569769
2025-03-19,0.24661952965328457,0.14863998663909742,0.08342480272341578,0.20601132631711558,0.21716476518138894,0.09813958948569769
2025-03-20,0.24661952965328457,0.14863998663909742,0.08342480272341578,0.20601132631711558,0.21716476518138894,0.09813958948569769
2025-03-21,0.24661952965328457,0.14863998663909742,0.08342480272341578,0.20601132631711558,0.21716476518138894,0.09813958948569769
2025-03-24,0.24661952965328457,0.14863998663909742,0.08342480272341578,0.20601132631711558,0.21716476518138894,0.09813958948569769
2025-03-25,0.24661952965328457,0.14863998663909742,0.08342480272341578,0.20601132631711558,0.21716476518138894,0.09813958948569769
2025-03-26,0.24661952965328457,0.14863998663909742,0.08342480272341578,0.20601132631711558,0.21716476518138894,0.09813958948569769
2025-03-27,0.24661952965328457,0.14863998663909742,0.08342480272341578,0.20601132631711558,0.21716476518138894,0.09813958948569769
2025-03-28,0.24661952965328457,0.14863998663909742,0.08342480272341578,0.20601132631711558,0.21716476518138894,0.09813958948569769
2025-04-01,0.24661952965328457,0.14863998663909742,0.08342480272341578,0.20601132631711558,0.21716476518138894,0.09813958948569769
2025-04-02,0.24661952965328457,0.14863998663909742,0.08342480272341578,0.20601132631711558,0.21716476518138894,0.09813958948569769
2025-04-03,0.24661952965328457,0.14863998663909742,0.08342480272341578,0.20601132631711558,0.21716476518138894,0.09813958948569769
2025-04-04,0.24661952965328457,0.14863998663909742,0.08342480272341578,0.20601132631711558,0.21716476518138894,0.09813958948569769
2025-04-07,0.1030035469801503,0.22672260663298385,0.08990733341107525,0.4012038179642519,0.09847543311022444,0.08068726190131424
2025-04-08,0.1030035469801503,0.22672260663298385,0.08990733341107525,0.4012038179642519,0.09847543311022444,0.08068726190131424
2025-04-09,0.1030035469801503,0.22672260663298385,0.08990733341107525,0.4012038179642519,0.09847543311022444,0.08068726190131424
2025-04-11,0.1030035469801503,0.22672260663298385,0.08990733341107525,0.4012038179642519,0.09847543311022444,0.08068726190131424
2025-04-15,0.1030035469801503,0.22672260663298385,0.08990733341107525,0.4012038179642519,0.09847543311022444,0.08068726190131424
2025-04-16,0.1030035469801503,0.22672260663298385,0.08990733341107525,0.4012038179642519,0.09847543311022444,0.08068726190131424
2025-04-17,0.1030035469801503,0.22672260663298385,0.08990733341107525,0.4012038179642519,0.09847543311022444,0.08068726190131424
2025-04-21,0.1030035469801503,0.22672260663298385,0.08990733341107525,0.4012038179642519,0.09847543311022444,0.08068726190131424
2025-04-22,0.1030035469801503,0.22672260663298385,0.08990733341107525,0.4012038179642519,0.09847543311022444,0.08068726190131424
2025-04-23,0.1030035469801503,0.22672260663298385,0.08990733341107525,0.4012038179642519,0.09847543311022444,0.08068726190131424
2025-04-24,0.1030035469801503,0.22672260663298385,0.08990733341107525,0.4012038179642519,0.09847543311022444,0.08068726190131424
2025-04-25,0.1030035469801503,0.22672260663298385,0.08990733341107525,0.4012038179642519,0.09847543311022444,0.08068726190131424
2025-04-28,0.1030035469801503,0.22672260663298385,0.08990733341107525,0.4012038179642519,0.09847543311022444,0.08068726190131424
2025-04-29,0.1030035469801503,0.22672260663298385,0.08990733341107525,0.4012038179642519,0.09847543311022444,0.08068726190131424
2025-04-30,0.1030035469801503,0.22672260663298385,0.08990733341107525,0.4012038179642519,0.09847543311022444,0.08068726190131424
2025-05-02,0.1030035469801503,0.22672260663298385,0.08990733341107525,0.4012038179642519,0.09847543311022444,0.08068726190131424
2025-05-05,0.1030035469801503,0.22672260663298385,0.08990733341107525,0.4012038179642519,0.09847543311022444,0.08068726190131424
2025-05-06,0.1030035469801503,0.22672260663298385,0.08990733341107525,0.4012038179642519,0.09847543311022444,0.08068726190131424
2025-05-07,0.1030035469801503,0.22672260663298385,0.08990733341107525,0.4012038179642519,0.09847543311022444,0.08068726190131424
2025-05-08,0.1030035469801503,0.22672260663298385,0.08990733341107525,0.4012038179642519,0.09847543311022444,0.08068726190131424
2025-05-09,0.10788405450343319,0.12213808691233694,0.09432945505665918,0.21669712436122177,0.23473287374948307,0.22421840541686583
2025-05-12,0.10788405450343319,0.12213808691233694,0.09432945505665918,0.21669712436122177,0.23473287374948307,0.22421840541686583
2025-05-13,0.10788405450343319,0.12213808691233694,0.09432945505665918,0.21669712436122177,0.23473287374948307,0.22421840541686583
2025-05-14,0.10788405450343319,0.12213808691233694,0.09432945505665918,0.21669712436122177,0.23473287374948307,0.22421840541686583
2025-05-15,0.10788405450343319,0.12213808691233694,0.09432945505665918,0.21669712436122177,0.23473287374948307,0.22421840541686583
2025-05-16,0.10788405450343319,0.12213808691233694,0.09432945505665918,0.21669712436122177,0.23473287374948307,0.22421840541686583
2025-05-19,0.10788405450343319,0.12213808691233694,0.09432945505665918,0.21669712436122177,0.23473287374948307,0.22421840541686583
2025-05-20,0.10788405450343319,0.12213808691233694,0.09432945505665918,0.21669712436122177,0.23473287374948307,0.22421840541686583
2025-05-21,0.10788405450343319,0.12213808691233694,0.09432945505665918,0.21669712436122177,0.23473287374948307,0.22421840541686583
2025-05-22,0.10788405450343319,0.12213808691233694,0.09432945505665918,0.21669712436122177,0.23473287374948307,0.22421840541686583
2025-05-23,0.10788405450343319,0.12213808691233694,0.09432945505665918,0.21669712436122177,0.23473287374948307,0.22421840541686583
2025-05-26,0.10788405450343319,0.12213808691233694,0.09432945505665918,0.21669712436122177,0.23473287374948307,0.22421840541686583
2025-05-27,0.10788405450343319,0.12213808691233694,0.09432945505665918,0.21669712436122177,0.23473287374948307,0.22421840541686583
2025-05-28,0.10788405450343319,0.12213808691233694,0.09432945505665918,0.21669712436122177,0.23473287374948307,0.22421840541686583
2025-05-29,0.10788405450343319,0.12213808691233694,0.09432945505665918,0.21669712436122177,0.23473287374948307,0.22421840541686583
2025-05-30,0.10788405450343319,0.12213808691233694,0.09432945505665918,0.21669712436122177,0.23473287374948307,0.22421840541686583
2025-06-02,0.10788405450343319,0.12213808691233694,0.09432945505665918,0.21669712436122177,0.23473287374948307,0.22421840541686583
2025-06-03,0.10788405450343319,0.12213808691233694,0.09432945505665918,0.21669712436122177,0.23473287374948307,0.22421840541686583
2025-06-04,0.10788405450343319,0.12213808691233694,0.09432945505665918,0.21669712436122177,0.23473287374948307,0.22421840541686583
2025-06-05,0.10788405450343319,0.12213808691233694,0.09432945505665918,0.21669712436122177,0.23473287374948307,0.22421840541686583
2025-06-06,0.10440647355092335,0.21101827774946702,0.10245679438244577,0.3694557777734971,0.0944523233389374,0.1182103532047293
2025-06-09,0.10440647355092335,0.21101827774946702,0.10245679438244577,0.3694557777734971,0.0944523233389374,0.1182103532047293
2025-06-10,0.10440647355092335,0.21101827774946702,0.10245679438244577,0.3694557777734971,0.0944523233389374,0.1182103532047293
2025-06-11,0.10440647355092335,0.21101827774946702,0.10245679438244577,0.3694557777734971,0.0944523233389374,0.1182103532047293
2025-06-12,0.10440647355092335,0.21101827774946702,0.10245679438244577,0.3694557777734971,0.0944523233389374,0.1182103532047293
2025-06-13,0.10440647355092335,0.21101827774946702,0.10245679438244577,0.3694557777734971,0.0944523233389374,0.1182103532047293
2025-06-16,0.10440647355092335,0.21101827774946702,0.10245679438244577,0.3694557777734971,0.0944523233389374,0.1182103532047293
2025-06-17,0.10440647355092335,0.21101827774946702,0.10245679438244577,0.3694557777734971,0.0944523233389374,0.1182103532047293
2025-06-18,0.10440647355092335,0.21101827774946702,0.10245679438244577,0.3694557777734971,0.0944523233389374,0.1182103532047293
2025-06-19,0.10440647355092335,0.21101827774946702,0.10245679438244577,0.3694557777734971,0.0944523233389374,0.1182103532047293
2025-06-20,0.10440647355092335,0.21101827774946702,0.10245679438244577,0.3694557777734971,0.0944523233389374,0.1182103532047293
2025-06-23,0.10440647355092335,0.21101827774946702,0.10245679438244577,0.3694557777734971,0.0944523233389374,0.1182103532047293
2025-06-24,0.10440647355092335,0.21101827774946702,0.10245679438244577,0.3694557777734971,0.0944523233389374,0.1182103532047293
2025-06-25,0.10440647355092335,0.21101827774946702,0.10245679438244577,0.3694557777734971,0.0944523233389374,0.1182103532047293
2025-06-26,0.10440647355092335,0.21101827774946702,0.10245679438244577,0.3694557777734971,0.0944523233389374,0.1182103532047293
2025-06-27,0.10440647355092335,0.21101827774946702,0.10245679438244577,0.3694557777734971,0.0944523233389374,0.1182103532047293
2025-06-30,0.10440647355092335,0.21101827774946702,0.10245679438244577,0.3694557777734971,0.0944523233389374,0.1182103532047293
2025-07-01,0.10440647355092335,0.21101827774946702,0.10245679438244577,0.3694557777734971,0.0944523233389374,0.1182103532047293
2025-07-02,0.10440647355092335,0.21101827774946702,0.10245679438244577,0.3694557777734971,0.0944523233389374,0.1182103532047293
2025-07-03,0.10440647355092335,0.21101827774946702,0.10245679438244577,0.3694557777734971,0.0944523233389374,0.1182103532047293
2025-07-04,0.312744822170775,0.13102350316086922,0.08872281326096645,0.22666215944045578,0.07046457273518905,0.1703821292317445
2025-07-07,0.312744822170775,0.13102350316086922,0.08872281326096645,0.22666215944045578,0.07046457273518905,0.1703821292317445
2025-07-08,0.312744822170775,0.13102350316086922,0.08872281326096645,0.22666215944045578,0.07046457273518905,0.1703821292317445
2025-07-09,0.312744822170775,0.13102350316086922,0.08872281326096645,0.22666215944045578,0.07046457273518905,0.1703821292317445
2025-07-10,0.312744822170775,0.13102350316086922,0.08872281326096645,0.22666215944045578,0.07046457273518905,0.1703821292317445
2025-07-11,0.312744822170775,0.13102350316086922,0.08872281326096645,0.22666215944045578,0.07046457273518905,0.1703821292317445
2025-07-14,0.312744822170775,0.13102350316086922,0.08872281326096645,0.22666215944045578,0.07046457273518905,0.1703821292317445
2025-07-15,0.312744822170775,0.13102350316086922,0.08872281326096645,0.22666215944045578,0.07046457273518905,0.1703821292317445
2025-07-16,0.312744822170775,0.13102350316086922,0.08872281326096645,0.22666215944045578,0.07046457273518905,0.1703821292317445
2025-07-17,0.312744822170775,0.13102350316086922,0.08872281326096645,0.22666215944045578,0.07046457273518905,0.1703821292317445
2025-07-18,0.312744822170775,0.13102350316086922,0.08872281326096645,0.22666215944045578,0.07046457273518905,0.1703821292317445
2025-07-21,0.312744822170775,0.13102350316086922,0.08872281326096645,0.22666215944045578,0.07046457273518905,0.1703821292317445
2025-07-22,0.312744822170775,0.13102350316086922,0.08872281326096645,0.22666215944045578,0.07046457273518905,0.1703821292317445
2025-07-23,0.312744822170775,0.13102350316086922,0.08872281326096645,0.22666215944045578,0.07046457273518905,0.1703821292317445
2025-07-24,0.312744822170775,0.13102350316086922,0.08872281326096645,0.22666215944045578,0.07046457273518905,0.1703821292317445
2025-07-25,0.312744822170775,0.13102350316086922,0.08872281326096645,0.22666215944045578,0.07046457273518905,0.1703821292317445
2025-07-28,0.312744822170775,0.13102350316086922,0.08872281326096645,0.22666215944045578,0.07046457273518905,0.1703821292317445
2025-07-29,0.312744822170775,0.13102350316086922,0.08872281326096645,0.22666215944045578,0.07046457273518905,0.1703821292317445
2025-07-30,0.312744822170775,0.13102350316086922,0.08872281326096645,0.22666215944045578,0.07046457273518905,0.1703821292317445
2025-07-31,0.312744822170775,0.13102350316086922,0.08872281326096645,0.22666215944045578,0.07046457273518905,0.1703821292317445
2025-08-01,0.10350659182919361,0.18748786835188985,0.06416063560303562,0.19293873765417113,0.20863495725754966,0.2432712093041601
2025-08-04,0.10350659182919361,0.18748786835188985,0.06416063560303562,0.19293873765417113,0.20863495725754966,0.2432712093041601
2025-08-05,0.10350659182919361,0.18748786835188985,0.06416063560303562,0.19293873765417113,0.20863495725754966,0.2432712093041601
2025-08-06,0.10350659182919361,0.18748786835188985,0.06416063560303562,0.19293873765417113,0.20863495725754966,0.2432712093041601
2025-08-07,0.10350659182919361,0.18748786835188985,0.06416063560303562,0.19293873765417113,0.20863495725754966,0.2432712093041601
2025-08-08,0.10350659182919361,0.18748786835188985,0.06416063560303562,0.19293873765417113,0.20863495725754966,0.2432712093041601
2025-08-11,0.10350659182919361,0.18748786835188985,0.06416063560303562,0.19293873765417113,0.20863495725754966,0.2432712093041601
2025-08-12,0.10350659182919361,0.18748786835188985,0.06416063560303562,0.19293873765417113,0.20863495725754966,0.2432712093041601
2025-08-13,0.10350659182919361,0.18748786835188985,0.06416063560303562,0.19293873765417113,0.20863495725754966,0.2432712093041601
2025-08-14,0.10350659182919361,0.18748786835188985,0.06416063560303562,0.19293873765417113,0.20863495725754966,0.2432712093041601
2025-08-18,0.10350659182919361,0.18748786835188985,0.06416063560303562,0.19293873765417113,0.20863495725754966,0.2432712093041601
2025-08-19,0.10350659182919361,0.18748786835188985,0.06416063560303562,0.19293873765417113,0.20863495725754966,0.2432712093041601
2025-08-20,0.10350659182919361,0.18748786835188985,0.06416063560303562,0.19293873765417113,0.20863495725754966,0.2432712093041601
2025-08-21,0.10350659182919361,0.18748786835188985,0.06416063560303562,0.19293873765417113,0.20863495725754966,0.2432712093041601
2025-08-22,0.10350659182919361,0.18748786835188985,0.06416063560303562,0.19293873765417113,0.20863495725754966,0.2432712093041601
2025-08-25,0.10350659182919361,0.18748786835188985,0.06416063560303562,0.19293873765417113,0.20863495725754966,0.2432712093041601
2025-08-26,0.10350659182919361,0.18748786835188985,0.06416063560303562,0.19293873765417113,0.20863495725754966,0.2432712093041601
2025-08-28,0.10350659182919361,0.18748786835188985,0.06416063560303562,0.19293873765417113,0.20863495725754966,0.2432712093041601
2025-08-29,0.10350659182919361,0.18748786835188985,0.06416063560303562,0.19293873765417113,0.20863495725754966,0.2432712093041601
2025-09-01,0.10350659182919361,0.18748786835188985,0.06416063560303562,0.19293873765417113,0.20863495725754966,0.2432712093041601
2025-09-02,0.10494276225374327,0.1756427747035345,0.11812254495906854,0.30539919939535287,0.15896590381448086,0.13692681487381997
2025-09-03,0.10494276225374327,0.1756427747035345,0.11812254495906854,0.30539919939535287,0.15896590381448086,0.13692681487381997
2025-09-04,0.10494276225374327,0.1756427747035345,0.11812254495906854,0.30539919939535287,0.15896590381448086,0.13692681487381997
2025-09-05,0.10494276225374327,0.1756427747035345,0.11812254495906854,0.30539919939535287,0.15896590381448086,0.13692681487381997
2025-09-08,0.10494276225374327,0.1756427747035345,0.11812254495906854,0.30539919939535287,0.15896590381448086,0.13692681487381997
2025-09-09,0.10494276225374327,0.1756427747035345,0.11812254495906854,0.30539919939535287,0.15896590381448086,0.13692681487381997
2025-09-10,0.10494276225374327,0.1756427747035345,0.11812254495906854,0.30539919939535287,0.15896590381448086,0.13692681487381997
2025-09-11,0.10494276225374327,0.1756427747035345,0.11812254495906854,0.30539919939535287,0.15896590381448086,0.13692681487381997
2025-09-12,0.10494276225374327,0.1756427747035345,0.11812254495906854,0.30539919939535287,0.15896590381448086,0.13692681487381997
2025-09-15,0.10494276225374327,0.1756427747035345,0.11812254495906854,0.30539919939535287,0.15896590381448086,0.13692681487381997
2025-09-16,0.10494276225374327,0.1756427747035345,0.11812254495906854,0.30539919939535287,0.15896590381448086,0.13692681487381997
2025-09-17,0.10494276225374327,0.1756427747035345,0.11812254495906854,0.30539919939535287,0.15896590381448086,0.13692681487381997
2025-09-18,0.10494276225374327,0.1756427747035345,0.11812254495906854,0.30539919939535287,0.15896590381448086,0.13692681487381997
2025-09-19,0.10494276225374327,0.1756427747035345,0.11812254495906854,0.30539919939535287,0.15896590381448086,0.13692681487381997
2025-09-22,0.10494276225374327,0.1756427747035345,0.11812254495906854,0.30539919939535287,0.15896590381448086,0.13692681487381997
2025-09-23,0.10494276225374327,0.1756427747035345,0.11812254495906854,0.30539919939535287,0.15896590381448086,0.13692681487381997
2025-09-24,0.10494276225374327,0.1756427747035345,0.11812254495906854,0.30539919939535287,0.15896590381448086,0.13692681487381997
2025-09-25,0.10494276225374327,0.1756427747035345,0.11812254495906854,0.30539919939535287,0.15896590381448086,0.13692681487381997
2025-09-26,0.10494276225374327,0.1756427747035345,0.11812254495906854,0.30539919939535287,0.15896590381448086,0.13692681487381997
2025-09-29,0.10494276225374327,0.1756427747035345,0.11812254495906854,0.30539919939535287,0.15896590381448086,0.13692681487381997
2025-09-30,0.11107672004641408,0.18698083163051932,0.1290960540686683,0.38762206267306965,0.027495903092657294,0.1577284284886714
2025-10-01,0.11107672004641408,0.18698083163051932,0.1290960540686683,0.38762206267306965,0.027495903092657294,0.1577284284886714
2025-10-03,0.11107672004641408,0.18698083163051932,0.1290960540686683,0.38762206267306965,0.027495903092657294,0.1577284284886714
2025-10-06,0.11107672004641408,0.18698083163051932,0.1290960540686683,0.38762206267306965,0.027495903092657294,0.1577284284886714
2025-10-07,0.11107672004641408,0.18698083163051932,0.1290960540686683,0.38762206267306965,0.027495903092657294,0.1577284284886714
2025-10-08,0.11107672004641408,0.18698083163051932,0.1290960540686683,0.38762206267306965,0.027495903092657294,0.1577284284886714
2025-10-09,0.11107672004641408,0.18698083163051932,0.1290960540686683,0.38762206267306965,0.027495903092657294,0.1577284284886714
2025-10-10,0.11107672004641408,0.18698083163051932,0.1290960540686683,0.38762206267306965,0.027495903092657294,0.1577284284886714
2025-10-13,0.11107672004641408,0.18698083163051932,0.1290960540686683,0.38762206267306965,0.027495903092657294,0.1577284284886714
2025-10-14,0.11107672004641408,0.18698083163051932,0.1290960540686683,0.38762206267306965,0.027495903092657294,0.1577284284886714
2025-10-15,0.11107672004641408,0.18698083163051932,0.1290960540686683,0.38762206267306965,0.027495903092657294,0.1577284284886714
2025-10-16,0.11107672004641408,0.18698083163051932,0.1290960540686683,0.38762206267306965,0.027495903092657294,0.1577284284886714
2025-10-17,0.11107672004641408,0.18698083163051932,0.1290960540686683,0.38762206267306965,0.027495903092657294,0.1577284284886714
2025-10-20,0.11107672004641408,0.18698083163051932,0.1290960540686683,0.38762206267306965,0.027495903092657294,0.1577284284886714
2025-10-21,0.11107672004641408,0.18698083163051932,0.1290960540686683,0.38762206267306965,0.027495903092657294,0.1577284284886714
2025-10-23,0.11107672004641408,0.18698083163051932,0.1290960540686683,0.38762206267306965,0.027495903092657294,0.1577284284886714
2025-10-24,0.11107672004641408,0.18698083163051932,0.1290960540686683,0.38762206267306965,0.027495903092657294,0.1577284284886714
2025-10-27,0.11107672004641408,0.18698083163051932,0.1290960540686683,0.38762206267306965,0.027495903092657294,0.1577284284886714
2025-10-28,0.11107672004641408,0.18698083163051932,0.1290960540686683,0.38762206267306965,0.027495903092657294,0.1577284284886714
2025-10-29,0.11107672004641408,0.18698083163051932,0.1290960540686683,0.38762206267306965,0.027495903092657294,0.1577284284886714
2025-10-30,0.13120204007258243,0.14597443869822652,0.10287838871852824,0.22724162571941459,0.17243838284997348,0.22026512394127473
2025-10-31,0.13120204007258243,0.14597443869822652,0.10287838871852824,0.22724162571941459,0.17243838284997348,0.22026512394127473
2025-11-03,0.13120204007258243,0.14597443869822652,0.10287838871852824,0.22724162571941459,0.17243838284997348,0.22026512394127473
2025-11-04,0.13120204007258243,0.14597443869822652,0.10287838871852824,0.22724162571941459,0.17243838284997348,0.22026512394127473
2025-11-06,0.13120204007258243,0.14597443869822652,0.10287838871852824,0.22724162571941459,0.17243838284997348,0.22026512394127473
2025-11-07,0.13120204007258243,0.14597443869822652,0.10287838871852824,0.22724162571941459,0.17243838284997348,0.22026512394127473
2025-11-10,0.13120204007258243,0.14597443869822652,0.10287838871852824,0.22724162571941459,0.17243838284997348,0.22026512394127473
2025-11-11,0.13120204007258243,0.14597443869822652,0.10287838871852824,0.22724162571941459,0.17243838284997348,0.22026512394127473
2025-11-12,0.13120204007258243,0.14597443869822652,0.10287838871852824,0.22724162571941459,0.17243838284997348,0.22026512394127473
2025-11-13,0.13120204007258243,0.14597443869822652,0.10287838871852824,0.22724162571941459,0.17243838284997348,0.22026512394127473
2025-11-14,0.13120204007258243,0.14597443869822652,0.10287838871852824,0.22724162571941459,0.17243838284997348,0.22026512394127473
2025-11-17,0.13120204007258243,0.14597443869822652,0.10287838871852824,0.22724162571941459,0.17243838284997348,0.22026512394127473
2025-11-18,0.13120204007258243,0.14597443869822652,0.10287838871852824,0.22724162571941459,0.17243838284997348,0.22026512394127473
2025-11-19,0.13120204007258243,0.14597443869822652,0.10287838871852824,0.22724162571941459,0.17243838284997348,0.22026512394127473
2025-11-20,0.13120204007258243,0.14597443869822652,0.10287838871852824,0.22724162571941459,0.17243838284997348,0.22026512394127473
2025-11-21,0.13120204007258243,0.14597443869822652,0.10287838871852824,0.22724162571941459,0.17243838284997348,0.22026512394127473
2025-11-24,0.13120204007258243,0.14597443869822652,0.10287838871852824,0.22724162571941459,0.17243838284997348,0.22026512394127473
2025-11-25,0.13120204007258243,0.14597443869822652,0.10287838871852824,0.22724162571941459,0.17243838284997348,0.22026512394127473
2025-11-26,0.13120204007258243,0.14597443869822652,0.10287838871852824,0.22724162571941459,0.17243838284997348,0.22026512394127473
2025-11-27,0.13120204007258243,0.14597443869822652,0.10287838871852824,0.22724162571941459,0.17243838284997348,0.22026512394127473
2025-11-28,0.15756558414596492,0.1154379418379183,0.26054381819932204,0.2310827968700068,0.16354841051289734,0.07182144843389066
2025-12-01,0.15756558414596492,0.1154379418379183,0.26054381819932204,0.2310827968700068,0.16354841051289734,0.07182144843389066
2025-12-02,0.15756558414596492,0.1154379418379183,0.26054381819932204,0.2310827968700068,0.16354841051289734,0.07182144843389066
2025-12-03,0.15756558414596492,0.1154379418379183,0.26054381819932204,0.2310827968700068,0.16354841051289734,0.07182144843389066
2025-12-04,0.15756558414596492,0.1154379418379183,0.26054381819932204,0.2310827968700068,0.16354841051289734,0.07182144843389066
2025-12-05,0.15756558414596492,0.1154379418379183,0.26054381819932204,0.2310827968700068,0.16354841051289734,0.07182144843389066
2025-12-08,0.15756558414596492,0.1154379418379183,0.26054381819932204,0.2310827968700068,0.16354841051289734,0.07182144843389066
2025-12-09,0.15756558414596492,0.1154379418379183,0.26054381819932204,0.2310827968700068,0.16354841051289734,0.07182144843389066
2025-12-10,0.15756558414596492,0.1154379418379183,0.26054381819932204,0.2310827968700068,0.16354841051289734,0.07182144843389066
2025-12-11,0.15756558414596492,0.1154379418379183,0.26054381819932204,0.2310827968700068,0.16354841051289734,0.07182144843389066
2025-12-12,0.15756558414596492,0.1154379418379183,0.26054381819932204,0.2310827968700068,0.16354841051289734,0.07182144843389066
2025-12-15,0.15756558414596492,0.1154379418379183,0.26054381819932204,0.2310827968700068,0.16354841051289734,0.07182144843389066
2025-12-16,0.15756558414596492,0.1154379418379183,0.26054381819932204,0.2310827968700068,0.16354841051289734,0.07182144843389066
2025-12-17,0.15756558414596492,0.1154379418379183,0.26054381819932204,0.2310827968700068,0.16354841051289734,0.07182144843389066
2025-12-18,0.15756558414596492,0.1154379418379183,0.26054381819932204,0.2310827968700068,0.16354841051289734,0.07182144843389066
2025-12-19,0.15756558414596492,0.1154379418379183,0.26054381819932204,0.2310827968700068,0.16354841051289734,0.07182144843389066
2025-12-22,0.15756558414596492,0.1154379418379183,0.26054381819932204,0.2310827968700068,0.16354841051289734,0.07182144843389066
2025-12-23,0.15756558414596492,0.1154379418379183,0.26054381819932204,0.2310827968700068,0.16354841051289734,0.07182144843389066
2025-12-24,0.15756558414596492,0.1154379418379183,0.26054381819932204,0.2310827968700068,0.16354841051289734,0.07182144843389066
2025-12-26,0.15756558414596492,0.1154379418379183,0.26054381819932204,0.2310827968700068,0.16354841051289734,0.07182144843389066
2025-12-29,0.21370542550026342,0.11753136844707171,0.15300036670679223,0.20790410559815764,0.09347976791970411,0.21437896582801097
2025-12-30,0.21370542550026342,0.11753136844707171,0.15300036670679223,0.20790410559815764,0.09347976791970411,0.21437896582801097
2025-12-31,0.21370542550026342,0.11753136844707171,0.15300036670679223,0.20790410559815764,0.09347976791970411,0.21437896582801097
2026-01-01,0.21370542550026342,0.11753136844707171,0.15300036670679223,0.20790410559815764,0.09347976791970411,0.21437896582801097
2026-01-02,0.21370542550026342,0.11753136844707171,0.15300036670679223,0.20790410559815764,0.09347976791970411,0.21437896582801097
2026-01-05,0.21370542550026342,0.11753136844707171,0.15300036670679223,0.20790410559815764,0.09347976791970411,0.21437896582801097
2026-01-06,0.21370542550026342,0.11753136844707171,0.15300036670679223,0.20790410559815764,0.09347976791970411,0.21437896582801097
2026-01-07,0.21370542550026342,0.11753136844707171,0.15300036670679223,0.20790410559815764,0.09347976791970411,0.21437896582801097
2026-01-08,0.21370542550026342,0.11753136844707171,0.15300036670679223,0.20790410559815764,0.09347976791970411,0.21437896582801097
2026-01-09,0.21370542550026342,0.11753136844707171,0.15300036670679223,0.20790410559815764,0.09347976791970411,0.21437896582801097
2026-01-12,0.21370542550026342,0.11753136844707171,0.15300036670679223,0.20790410559815764,0.09347976791970411,0.21437896582801097
2026-01-13,0.21370542550026342,0.11753136844707171,0.15300036670679223,0.20790410559815764,0.09347976791970411,0.21437896582801097
2026-01-14,0.21370542550026342,0.11753136844707171,0.15300036670679223,0.20790410559815764,0.09347976791970411,0.21437896582801097
2026-01-15,0.21370542550026342,0.11753136844707171,0.15300036670679223,0.20790410559815764,0.09347976791970411,0.21437896582801097
2026-01-16,0.21370542550026342,0.11753136844707171,0.15300036670679223,0.20790410559815764,0.09347976791970411,0.21437896582801097
2026-01-19,0.21370542550026342,0.11753136844707171,0.15300036670679223,0.20790410559815764,0.09347976791970411,0.21437896582801097
2026-01-20,0.21370542550026342,0.11753136844707171,0.15300036670679223,0.20790410559815764,0.09347976791970411,0.21437896582801097
2026-01-21,0.21370542550026342,0.11753136844707171,0.15300036670679223,0.20790410559815764,0.09347976791970411,0.21437896582801097
2026-01-22,0.21370542550026342,0.11753136844707171,0.15300036670679223,0.20790410559815764,0.09347976791970411,0.21437896582801097
2026-01-23,0.21370542550026342,0.11753136844707171,0.15300036670679223,0.20790410559815764,0.09347976791970411,0.21437896582801097
2026-01-27,0.13349634061823898,0.27999547198252733,0.11619639275072846,0.21065594167782706,0.1530742310344348,0.10658162193624338
2026-01-28,0.13349634061823898,0.27999547198252733,0.11619639275072846,0.21065594167782706,0.1530742310344348,0.10658162193624338
2026-01-29,0.13349634061823898,0.27999547198252733,0.11619639275072846,0.21065594167782706,0.1530742310344348,0.10658162193624338
2026-01-30,0.13349634061823898,0.27999547198252733,0.11619639275072846,0.21065594167782706,0.1530742310344348,0.10658162193624338
2026-02-02,0.13349634061823898,0.27999547198252733,0.11619639275072846,0.21065594167782706,0.1530742310344348,0.10658162193624338
2026-02-03,0.13349634061823898,0.27999547198252733,0.11619639275072846,0.21065594167782706,0.1530742310344348,0.10658162193624338
2026-02-04,0.13349634061823898,0.27999547198252733,0.11619639275072846,0.21065594167782706,0.1530742310344348,0.10658162193624338
2026-02-05,0.13349634061823898,0.27999547198252733,0.11619639275072846,0.21065594167782706,0.1530742310344348,0.10658162193624338
2026-02-06,0.13349634061823898,0.27999547198252733,0.11619639275072846,0.21065594167782706,0.1530742310344348,0.10658162193624338
2026-02-09,0.13349634061823898,0.27999547198252733,0.11619639275072846,0.21065594167782706,0.1530742310344348,0.10658162193624338
2026-02-10,0.13349634061823898,0.27999547198252733,0.11619639275072846,0.21065594167782706,0.1530742310344348,0.10658162193624338
2026-02-11,0.13349634061823898,0.27999547198252733,0.11619639275072846,0.21065594167782706,0.1530742310344348,0.10658162193624338
2026-02-12,0.13349634061823898,0.27999547198252733,0.11619639275072846,0.21065594167782706,0.1530742310344348,0.10658162193624338
2026-02-13,0.13349634061823898,0.27999547198252733,0.11619639275072846,0.21065594167782706,0.1530742310344348,0.10658162193624338
2026-02-16,0.13349634061823898,0.27999547198252733,0.11619639275072846,0.21065594167782706,0.1530742310344348,0.10658162193624338
2026-02-17,0.13349634061823898,0.27999547198252733,0.11619639275072846,0.21065594167782706,0.1530742310344348,0.10658162193624338
2026-02-18,0.13349634061823898,0.27999547198252733,0.11619639275072846,0.21065594167782706,0.1530742310344348,0.10658162193624338
2026-02-19,0.13349634061823898,0.27999547198252733,0.11619639275072846,0.21065594167782706,0.1530742310344348,0.10658162193624338
2026-02-20,0.13349634061823898,0.27999547198252733,0.11619639275072846,0.21065594167782706,0.1530742310344348,0.10658162193624338
2026-02-23,0.13349634061823898,0.27999547198252733,0.11619639275072846,0.21065594167782706,0.1530742310344348,0.10658162193624338
2026-02-24,0.1860612638601293,0.09900464943977039,0.16079631721246782,0.25050718595063587,0.20250431552903092,0.1011262680079657
2026-02-25,0.1860612638601293,0.09900464943977039,0.16079631721246782,0.25050718595063587,0.20250431552903092,0.1011262680079657
2026-02-26,0.1860612638601293,0.09900464943977039,0.16079631721246782,0.25050718595063587,0.20250431552903092,0.1011262680079657
2026-02-27,0.1860612638601293,0.09900464943977039,0.16079631721246782,0.25050718595063587,0.20250431552903092,0.1011262680079657
2026-03-02,0.1860612638601293,0.09900464943977039,0.16079631721246782,0.25050718595063587,0.20250431552903092,0.1011262680079657
2026-03-04,0.1860612638601293,0.09900464943977039,0.16079631721246782,0.25050718595063587,0.20250431552903092,0.1011262680079657
2026-03-05,0.1860612638601293,0.09900464943977039,0.16079631721246782,0.25050718595063587,0.20250431552903092,0.1011262680079657
2026-03-06,0.1860612638601293,0.09900464943977039,0.16079631721246782,0.25050718595063587,0.20250431552903092,0.1011262680079657
2026-03-09,0.1860612638601293,0.09900464943977039,0.16079631721246782,0.25050718595063587,0.20250431552903092,0.1011262680079657
2026-03-10,0.1860612638601293,0.09900464943977039,0.16079631721246782,0.25050718595063587,0.20250431552903092,0.1011262680079657
2026-03-11,0.1860612638601293,0.09900464943977039,0.16079631721246782,0.25050718595063587,0.20250431552903092,0.1011262680079657
2026-03-12,0.1860612638601293,0.09900464943977039,0.16079631721246782,0.25050718595063587,0.20250431552903092,0.1011262680079657
2026-03-13,0.1860612638601293,0.09900464943977039,0.16079631721246782,0.25050718595063587,0.20250431552903092,0.1011262680079657
2026-03-16,0.1860612638601293,0.09900464943977039,0.16079631721246782,0.25050718595063587,0.20250431552903092,0.1011262680079657
2026-03-17,0.1860612638601293,0.09900464943977039,0.16079631721246782,0.25050718595063587,0.20250431552903092,0.1011262680079657
2026-03-18,0.1860612638601293,0.09900464943977039,0.16079631721246782,0.25050718595063587,0.20250431552903092,0.1011262680079657
2026-03-19,0.1860612638601293,0.09900464943977039,0.16079631721246782,0.25050718595063587,0.20250431552903092,0.1011262680079657
2026-03-20,0.1860612638601293,0.09900464943977039,0.16079631721246782,0.25050718595063587,0.20250431552903092,0.1011262680079657
2026-03-23,0.1860612638601293,0.09900464943977039,0.16079631721246782,0.25050718595063587,0.20250431552903092,0.1011262680079657
2026-03-24,0.1860612638601293,0.09900464943977039,0.16079631721246782,0.25050718595063587,0.20250431552903092,0.1011262680079657
2026-03-25,0.1316354121951017,0.09207160224261356,0.22961111955061947,0.18733100660268925,0.21395842946409704,0.14539242994487905
2026-03-27,0.1316354121951017,0.09207160224261356,0.22961111955061947,0.18733100660268925,0.21395842946409704,0.14539242994487905
2026-03-30,0.1316354121951017,0.09207160224261356,0.22961111955061947,0.18733100660268925,0.21395842946409704,0.14539242994487905
2026-04-01,0.1316354121951017,0.09207160224261356,0.22961111955061947,0.18733100660268925,0.21395842946409704,0.14539242994487905
2026-04-02,0.1316354121951017,0.09207160224261356,0.22961111955061947,0.18733100660268925,0.21395842946409704,0.14539242994487905
2026-04-06,0.1316354121951017,0.09207160224261356,0.22961111955061947,0.18733100660268925,0.21395842946409704,0.14539242994487905
2026-04-07,0.1316354121951017,0.09207160224261356,0.22961111955061947,0.18733100660268925,0.21395842946409704,0.14539242994487905
2026-04-08,0.1316354121951017,0.09207160224261356,0.22961111955061947,0.18733100660268925,0.21395842946409704,0.14539242994487905
2026-04-09,0.1316354121951017,0.09207160224261356,0.22961111955061947,0.18733100660268925,0.21395842946409704,0.14539242994487905
2026-04-10,0.1316354121951017,0.09207160224261356,0.22961111955061947,0.18733100660268925,0.21395842946409704,0.14539242994487905
2026-04-13,0.1316354121951017,0.09207160224261356,0.22961111955061947,0.18733100660268925,0.21395842946409704,0.14539242994487905
2026-04-15,0.1316354121951017,0.09207160224261356,0.22961111955061947,0.18733100660268925,0.21395842946409704,0.14539242994487905
2026-04-16,0.1316354121951017,0.09207160224261356,0.22961111955061947,0.18733100660268925,0.21395842946409704,0.14539242994487905
2026-04-17,0.1316354121951017,0.09207160224261356,0.22961111955061947,0.18733100660268925,0.21395842946409704,0.14539242994487905
2026-04-20,0.1316354121951017,0.09207160224261356,0.22961111955061947,0.18733100660268925,0.21395842946409704,0.14539242994487905
2026-04-21,0.1316354121951017,0.09207160224261356,0.22961111955061947,0.18733100660268925,0.21395842946409704,0.14539242994487905
2026-04-22,0.1316354121951017,0.09207160224261356,0.22961111955061947,0.18733100660268925,0.21395842946409704,0.14539242994487905
2026-04-23,0.1316354121951017,0.09207160224261356,0.22961111955061947,0.18733100660268925,0.21395842946409704,0.14539242994487905
2026-04-24,0.1316354121951017,0.09207160224261356,0.22961111955061947,0.18733100660268925,0.21395842946409704,0.14539242994487905
2026-04-27,0.1316354121951017,0.09207160224261356,0.22961111955061947,0.18733100660268925,0.21395842946409704,0.14539242994487905
2026-04-28,0.16863827072306428,0.2308471248122483,0.11834938676904358,0.18780677140955654,0.11839024210856232,0.17596820417752498
2026-04-29,0.16863827072306428,0.2308471248122483,0.11834938676904358,0.18780677140955654,0.11839024210856232,0.17596820417752498
2026-04-30,0.16863827072306428,0.2308471248122483,0.11834938676904358,0.18780677140955654,0.11839024210856232,0.17596820417752498
2026-05-01,0.16863827072306428,0.2308471248122483,0.11834938676904358,0.18780677140955654,0.11839024210856232,0.17596820417752498
2026-05-04,0.16863827072306428,0.2308471248122483,0.11834938676904358,0.18780677140955654,0.11839024210856232,0.17596820417752498
2026-05-05,0.16863827072306428,0.2308471248122483,0.11834938676904358,0.18780677140955654,0.11839024210856232,0.17596820417752498
2026-05-06,0.16863827072306428,0.2308471248122483,0.11834938676904358,0.18780677140955654,0.11839024210856232,0.17596820417752498
2026-05-07,0.16863827072306428,0.2308471248122483,0.11834938676904358,0.18780677140955654,0.11839024210856232,0.17596820417752498
2026-05-08,0.16863827072306428,0.2308471248122483,0.11834938676904358,0.18780677140955654,0.11839024210856232,0.17596820417752498
2026-05-11,0.16863827072306428,0.2308471248122483,0.11834938676904358,0.18780677140955654,0.11839024210856232,0.17596820417752498
2026-05-12,0.16863827072306428,0.2308471248122483,0.11834938676904358,0.18780677140955654,0.11839024210856232,0.17596820417752498
2026-05-13,0.16863827072306428,0.2308471248122483,0.11834938676904358,0.18780677140955654,0.11839024210856232,0.17596820417752498
2026-05-14,0.16863827072306428,0.2308471248122483,0.11834938676904358,0.18780677140955654,0.11839024210856232,0.17596820417752498
2026-05-15,0.16863827072306428,0.2308471248122483,0.11834938676904358,0.18780677140955654,0.11839024210856232,0.17596820417752498
2026-05-18,0.16863827072306428,0.2308471248122483,0.11834938676904358,0.18780677140955654,0.11839024210856232,0.17596820417752498
2026-05-19,0.16863827072306428,0.2308471248122483,0.11834938676904358,0.18780677140955654,0.11839024210856232,0.17596820417752498
2026-05-20,0.16863827072306428,0.2308471248122483,0.11834938676904358,0.18780677140955654,0.11839024210856232,0.17596820417752498
2026-05-21,0.16863827072306428,0.2308471248122483,0.11834938676904358,0.18780677140955654,0.11839024210856232,0.17596820417752498
2026-05-22,0.16863827072306428,0.2308471248122483,0.11834938676904358,0.18780677140955654,0.11839024210856232,0.17596820417752498
2026-05-25,0.16863827072306428,0.2308471248122483,0.11834938676904358,0.18780677140955654,0.11839024210856232,0.17596820417752498
2026-05-26,0.10903363189645678,0.12237750745642458,0.10200275785249764,0.3912271244006991,0.07668138426450334,0.19867759412941854
2026-05-27,0.10903363189645678,0.12237750745642458,0.10200275785249764,0.3912271244006991,0.07668138426450334,0.19867759412941854
2026-05-28,0.10903363189645678,0.12237750745642458,0.10200275785249764,0.3912271244006991,0.07668138426450334,0.19867759412941854
2026-05-29,0.10903363189645678,0.12237750745642458,0.10200275785249764,0.3912271244006991,0.07668138426450334,0.19867759412941854
2026-06-01,0.10903363189645678,0.12237750745642458,0.10200275785249764,0.3912271244006991,0.07668138426450334,0.19867759412941854
2026-06-02,0.10903363189645678,0.12237750745642458,0.10200275785249764,0.3912271244006991,0.07668138426450334,0.19867759412941854
2026-06-03,0.10903363189645678,0.12237750745642458,0.10200275785249764,0.3912271244006991,0.07668138426450334,0.19867759412941854
2026-06-04,0.10903363189645678,0.12237750745642458,0.10200275785249764,0.3912271244006991,0.07668138426450334,0.19867759412941854
2026-06-05,0.10903363189645678,0.12237750745642458,0.10200275785249764,0.3912271244006991,0.07668138426450334,0.19867759412941854
2026-06-08,0.10903363189645678,0.12237750745642458,0.10200275785249764,0.3912271244006991,0.07668138426450334,0.19867759412941854
2026-06-09,0.10903363189645678,0.12237750745642458,0.10200275785249764,0.3912271244006991,0.07668138426450334,0.19867759412941854
2026-06-10,0.10903363189645678,0.12237750745642458,0.10200275785249764,0.3912271244006991,0.07668138426450334,0.19867759412941854
2026-06-11,0.10903363189645678,0.12237750745642458,0.10200275785249764,0.3912271244006991,0.07668138426450334,0.19867759412941854
2026-06-12,0.10903363189645678,0.12237750745642458,0.10200275785249764,0.3912271244006991,0.07668138426450334,0.19867759412941854
2026-06-15,0.10903363189645678,0.12237750745642458,0.10200275785249764,0.3912271244006991,0.07668138426450334,0.19867759412941854
2026-06-16,0.10903363189645678,0.12237750745642458,0.10200275785249764,0.3912271244006991,0.07668138426450334,0.19867759412941854
2026-06-17,0.10903363189645678,0.12237750745642458,0.10200275785249764,0.3912271244006991,0.07668138426450334,0.19867759412941854
2026-06-18,0.10903363189645678,0.12237750745642458,0.10200275785249764,0.3912271244006991,0.07668138426450334,0.19867759412941854
2026-06-19,0.10903363189645678,0.12237750745642458,0.10200275785249764,0.3912271244006991,0.07668138426450334,0.19867759412941854
2026-06-22,0.10903363189645678,0.12237750745642458,0.10200275785249764,0.3912271244006991,0.07668138426450334,0.19867759412941854
2026-06-23,0.1359002770468435,0.0810477207444028,0.07825720752157074,0.5186767029680698,0.04788439981363633,0.13823369190547685
2026-06-24,0.1359002770468435,0.0810477207444028,0.07825720752157074,0.5186767029680698,0.04788439981363633,0.13823369190547685
2026-06-25,0.1359002770468435,0.0810477207444028,0.07825720752157074,0.5186767029680698,0.04788439981363633,0.13823369190547685
2026-06-26,0.1359002770468435,0.0810477207444028,0.07825720752157074,0.5186767029680698,0.04788439981363633,0.13823369190547685
2026-06-29,0.1359002770468435,0.0810477207444028,0.07825720752157074,0.5186767029680698,0.04788439981363633,0.13823369190547685
2026-06-30,0.1359002770468435,0.0810477207444028,0.07825720752157074,0.5186767029680698,0.04788439981363633,0.13823369190547685
2026-07-01,0.1359002770468435,0.0810477207444028,0.07825720752157074,0.5186767029680698,0.04788439981363633,0.13823369190547685
2026-07-02,0.1359002770468435,0.0810477207444028,0.07825720752157074,0.5186767029680698,0.04788439981363633,0.13823369190547685
2026-07-03,0.1359002770468435,0.0810477207444028,0.07825720752157074,0.5186767029680698,0.04788439981363633,0.13823369190547685
2026-07-06,0.1359002770468435,0.0810477207444028,0.07825720752157074,0.5186767029680698,0.04788439981363633,0.13823369190547685
2026-07-07,0.1359002770468435,0.0810477207444028,0.07825720752157074,0.5186767029680698,0.04788439981363633,0.13823369190547685
2026-07-08,0.1359002770468435,0.0810477207444028,0.07825720752157074,0.5186767029680698,0.04788439981363633,0.13823369190547685
2026-07-09,0.1359002770468435,0.0810477207444028,0.07825720752157074,0.5186767029680698,0.04788439981363633,0.13823369190547685
2026-07-10,0.1359002770468435,0.0810477207444028,0.07825720752157074,0.5186767029680698,0.04788439981363633,0.13823369190547685
2026-07-13,0.1359002770468435,0.0810477207444028,0.07825720752157074,0.5186767029680698,0.04788439981363633,0.13823369190547685
2026-07-14,0.1359002770468435,0.0810477207444028,0.07825720752157074,0.5186767029680698,0.04788439981363633,0.13823369190547685
2026-07-15,0.1359002770468435,0.0810477207444028,0.07825720752157074,0.5186767029680698,0.04788439981363633,0.13823369190547685
2026-07-16,0.1359002770468435,0.0810477207444028,0.07825720752157074,0.5186767029680698,0.04788439981363633,0.13823369190547685
2026-07-17,0.1359002770468435,0.0810477207444028,0.07825720752157074,0.5186767029680698,0.04788439981363633,0.13823369190547685
2026-07-20,0.1359002770468435,0.0810477207444028,0.07825720752157074,0.5186767029680698,0.04788439981363633,0.13823369190547685
2026-07-21,0.33392188130841566,0.04698839867062496,0.18577441252442187,0.16306920471145903,0.09904421992984858,0.17120188285522994
2026-07-22,0.33392188130841566,0.04698839867062496,0.18577441252442187,0.16306920471145903,0.09904421992984858,0.17120188285522994
2026-07-23,0.33392188130841566,0.04698839867062496,0.18577441252442187,0.16306920471145903,0.09904421992984858,0.17120188285522994
2026-07-24,0.33392188130841566,0.04698839867062496,0.18577441252442187,0.16306920471145903,0.09904421992984858,0.17120188285522994
2026-07-27,0.33392188130841566,0.04698839867062496,0.18577441252442187,0.16306920471145903,0.09904421992984858,0.17120188285522994
2026-07-28,0.33392188130841566,0.04698839867062496,0.18577441252442187,0.16306920471145903,0.09904421992984858,0.17120188285522994
2026-07-29,0.33392188130841566,0.04698839867062496,0.18577441252442187,0.16306920471145903,0.09904421992984858,0.17120188285522994
2026-07-30,0.33392188130841566,0.04698839867062496,0.18577441252442187,0.16306920471145903,0.09904421992984858,0.17120188285522994
2026-07-31,0.33392188130841566,0.04698839867062496,0.18577441252442187,0.16306920471145903,0.09904421992984858,0.17120188285522994
2026-08-03,0.33392188130841566,0.04698839867062496,0.18577441252442187,0.16306920471145903,0.09904421992984858,0.17120188285522994
2026-08-04,0.33392188130841566,0.04698839867062496,0.18577441252442187,0.16306920471145903,0.09904421992984858,0.17120188285522994
2026-08-05,0.33392188130841566,0.04698839867062496,0.18577441252442187,0.16306920471145903,0.09904421992984858,0.17120188285522994
2026-08-06,0.33392188130841566,0.04698839867062496,0.18577441252442187,0.16306920471145903,0.09904421992984858,0.17120188285522994
2026-08-07,0.33392188130841566,0.04698839867062496,0.18577441252442187,0.16306920471145903,0.09904421992984858,0.17120188285522994
2026-08-10,0.33392188130841566,0.04698839867062496,0.18577441252442187,0.16306920471145903,0.09904421992984858,0.17120188285522994
2026-08-11,0.33392188130841566,0.04698839867062496,0.18577441252442187,0.16306920471145903,0.09904421992984858,0.17120188285522994
2026-08-12,0.33392188130841566,0.04698839867062496,0.18577441252442187,0.16306920471145903,0.09904421992984858,0.17120188285522994
2026-08-13,0.33392188130841566,0.04698839867062496,0.18577441252442187,0.16306920471145903,0.09904421992984858,0.17120188285522994
2026-08-14,0.33392188130841566,0.04698839867062496,0.18577441252442187,0.16306920471145903,0.09904421992984858,0.17120188285522994
2026-08-17,0.33392188130841566,0.04698839867062496,0.18577441252442187,0.16306920471145903,0.09904421992984858,0.17120188285522994
2026-08-18,0.1839448760929096,0.16846570156518006,0.16279232501163027,0.25084357888270314,0.056502469299677636,0.1774510491478993
2026-08-19,0.1839448760929096,0.16846570156518006,0.16279232501163027,0.25084357888270314,0.056502469299677636,0.1774510491478993
2026-08-20,0.1839448760929096,0.16846570156518006,0.16279232501163027,0.25084357888270314,0.056502469299677636,0.1774510491478993
2026-08-21,0.1839448760929096,0.16846570156518006,0.16279232501163027,0.25084357888270314,0.056502469299677636,0.1774510491478993
2026-08-24,0.1839448760929096,0.16846570156518006,0.16279232501163027,0.25084357888270314,0.056502469299677636,0.1774510491478993
2026-08-25,0.1839448760929096,0.16846570156518006,0.16279232501163027,0.25084357888270314,0.056502469299677636,0.1774510491478993
2026-08-26,0.1839448760929096,0.16846570156518006,0.16279232501163027,0.25084357888270314,0.056502469299677636,0.1774510491478993
2026-08-27,0.1839448760929096,0.16846570156518006,0.16279232501163027,0.25084357888270314,0.056502469299677636,0.1774510491478993
2026-08-28,0.1839448760929096,0.16846570156518006,0.16279232501163027,0.25084357888270314,0.056502469299677636,0.1774510491478993
2026-08-31,0.1839448760929096,0.16846570156518006,0.16279232501163027,0.25084357888270314,0.056502469299677636,0.1774510491478993
2026-09-01,0.1839448760929096,0.16846570156518006,0.16279232501163027,0.25084357888270314,0.056502469299677636,0.1774510491478993
2026-09-02,0.1839448760929096,0.16846570156518006,0.16279232501163027,0.25084357888270314,0.056502469299677636,0.1774510491478993
2026-09-03,0.1839448760929096,0.16846570156518006,0.16279232501163027,0.25084357888270314,0.056502469299677636,0.1774510491478993
2026-09-04,0.1839448760929096,0.16846570156518006,0.16279232501163027,0.25084357888270314,0.056502469299677636,0.1774510491478993
2026-09-07,0.1839448760929096,0.16846570156518006,0.16279232501163027,0.25084357888270314,0.056502469299677636,0.1774510491478993
2026-09-08,0.1839448760929096,0.16846570156518006,0.16279232501163027,0.25084357888270314,0.056502469299677636,0.1774510491478993
2026-09-09,0.1839448760929096,0.16846570156518006,0.16279232501163027,0.25084357888270314,0.056502469299677636,0.1774510491478993
2026-09-10,0.1839448760929096,0.16846570156518006,0.16279232501163027,0.25084357888270314,0.056502469299677636,0.1774510491478993
2026-09-11,0.1839448760929096,0.16846570156518006,0.16279232501163027,0.25084357888270314,0.056502469299677636,0.1774510491478993
